Element,Line,Type,Energy
Kr,Lb3,Escape Peak (Si),6.599999999999909
Si,Ka2,Escape Peak (Si),39.200000000000045
Si,Ka1,Escape Peak (Si),39.799999999999955
Li,Ka3,Emission Line,49.4
Rb,Lb1,Escape Peak (Si),51.0
Mg,Lb3,Emission Line,87.6
Mg,Lb4,Emission Line,87.6
Li,Ka3,Sum Peak (2x),98.8
Be,Ka3,Emission Line,103.5
Sr,La2,Escape Peak (Si),104.0
Sr,La1,Escape Peak (Si),105.79999999999995
Be,Ka1,Emission Line,108.5
Be,Ka2,Emission Line,108.5
Al,Lb4,Emission Line,115.8
Al,Lb3,Emission Line,115.8
Rb,Lb4,Escape Peak (Si),116.29999999999995
Rb,Lb3,Escape Peak (Si),125.90000000000009
Si,Kb3,Escape Peak (Si),137.0
Si,Kb1,Escape Peak (Si),137.0
Si,Lb4,Emission Line,147.7
Si,Lb3,Emission Line,147.7
Sr,Lb1,Escape Peak (Si),171.0
Mg,Lb4,Sum Peak (2x),175.2
Mg,Lb3,Sum Peak (2x),175.2
B,Ka3,Emission Line,175.4
P,Lb4,Emission Line,182.0
P,Lb3,Emission Line,183.0
B,Ka1,Emission Line,183.3
B,Ka2,Emission Line,183.3
Be,Ka3,Sum Peak (2x),207.0
Be,Ka2,Sum Peak (2x),217.0
Be,Ka1,Sum Peak (2x),217.0
Y,La2,Escape Peak (Si),222.29999999999995
S,Lb4,Emission Line,222.9
S,Lb3,Emission Line,223.9
Y,La1,Escape Peak (Si),224.20000000000005
Al,Lb3,Sum Peak (2x),231.6
Al,Lb4,Sum Peak (2x),231.6
Sr,Lb4,Escape Peak (Si),235.70000000000005
Sr,Lb3,Escape Peak (Si),246.0
P,Ka3,Escape Peak (Si),256.5
Cl,Lb4,Emission Line,260.0
Cl,Lb3,Emission Line,260.0
C,Ka3,Emission Line,266.2
C,Ka1,Emission Line,277.0
C,Ka2,Emission Line,277.0
Si,Lb4,Sum Peak (2x),295.4
Si,Lb3,Sum Peak (2x),295.4
Y,Lb1,Escape Peak (Si),298.29999999999995
P,Ka2,Escape Peak (Si),309.5
Ar,Lb4,Emission Line,310.4
P,Ka1,Escape Peak (Si),310.5
Ar,Lb3,Emission Line,310.6
Zr,La2,Escape Peak (Si),341.9000000000001
Zr,La1,Escape Peak (Si),344.20000000000005
B,Ka3,Sum Peak (2x),350.8
K,Lb3,Emission Line,360.3
K,Lb4,Emission Line,360.3
Y,Lb4,Escape Peak (Si),362.4000000000001
P,Lb4,Sum Peak (2x),364.0
P,Lb3,Sum Peak (2x),366.0
B,Ka2,Sum Peak (2x),366.6
B,Ka1,Sum Peak (2x),366.6
N,Ka3,Emission Line,372.6
Y,Lb3,Escape Peak (Si),374.1999999999998
N,Ka2,Emission Line,392.4
N,Ka1,Emission Line,392.4
Ca,Lb3,Emission Line,413.0
Ca,Lb4,Emission Line,413.0
Zr,Lb1,Escape Peak (Si),425.9000000000001
P,Kb3,Escape Peak (Si),438.5
P,Kb1,Escape Peak (Si),439.5
S,Lb4,Sum Peak (2x),445.8
S,Lb3,Sum Peak (2x),447.8
Ti,La1,Emission Line,451.8
Ti,La2,Emission Line,451.8
Ti,Lb1,Emission Line,458.2
Nb,La2,Escape Peak (Si),466.0
Nb,La1,Escape Peak (Si),468.6999999999998
Sc,Lb4,Emission Line,469.7
Sc,Lb3,Emission Line,469.7
Zr,Lb4,Escape Peak (Si),488.5
O,Ka3,Emission Line,501.5
Zr,Lb3,Escape Peak (Si),502.1999999999998
V,La2,Emission Line,510.1
V,La1,Emission Line,510.1
V,Lb1,Emission Line,517.8
Cl,Lb3,Sum Peak (2x),520.0
Cl,Lb4,Sum Peak (2x),520.0
O,Ka1,Emission Line,524.9
O,Ka2,Emission Line,524.9
Ti,Lb4,Emission Line,528.3
Ti,Lb3,Emission Line,528.3
C,Ka3,Sum Peak (2x),532.4
S,Ka3,Escape Peak (Si),541.0999999999999
C,Ka1,Sum Peak (2x),554.0
C,Ka2,Sum Peak (2x),554.0
Nb,Lb1,Escape Peak (Si),560.0
Cr,La2,Emission Line,572.1
Cr,La1,Emission Line,572.1
Cr,Lb1,Emission Line,581.8
Mo,La2,Escape Peak (Si),588.9000000000001
V,Lb3,Emission Line,589.5
V,Lb4,Emission Line,589.5
Mo,La1,Escape Peak (Si),592.0999999999999
S,Ka2,Escape Peak (Si),608.4000000000001
S,Ka1,Escape Peak (Si),609.5
Ar,Lb4,Sum Peak (2x),620.8
Ar,Lb3,Sum Peak (2x),621.2
Nb,Lb4,Escape Peak (Si),621.9000000000001
Mn,La1,Emission Line,636.7
Mn,La2,Emission Line,636.7
Nb,Lb3,Escape Peak (Si),637.4000000000001
Mn,Lb1,Emission Line,647.9
F,Ka3,Emission Line,651.7
Cr,Lb4,Emission Line,653.8
Cr,Lb3,Emission Line,653.8
F,Ka1,Emission Line,676.8
F,Ka2,Emission Line,676.8
Mo,Lb1,Escape Peak (Si),693.9000000000001
Fe,La1,Emission Line,704.8
Fe,La2,Emission Line,704.8
Fe,Lb1,Emission Line,717.9
Tc,La2,Escape Peak (Si),719.4000000000001
K,Lb4,Sum Peak (2x),720.6
K,Lb3,Sum Peak (2x),720.6
Mn,Lb4,Emission Line,721.9
Mn,Lb3,Emission Line,721.9
Tc,La1,Escape Peak (Si),723.0999999999999
N,Ka3,Sum Peak (2x),745.2
Mo,Lb4,Escape Peak (Si),754.4000000000001
S,Kb3,Escape Peak (Si),764.0
S,Kb1,Escape Peak (Si),765.0
Mo,Lb3,Escape Peak (Si),772.0
Co,La2,Emission Line,775.1
Co,La1,Emission Line,775.1
N,Ka1,Sum Peak (2x),784.8
N,Ka2,Sum Peak (2x),784.8
Co,Lb1,Emission Line,790.2
Fe,Lb4,Emission Line,791.9
Fe,Lb3,Emission Line,791.9
Ne,Ka3,Emission Line,821.7
Ca,Lb3,Sum Peak (2x),826.0
Ca,Lb4,Sum Peak (2x),826.0
Tc,Lb1,Escape Peak (Si),835.4000000000001
Ne,Ka2,Emission Line,848.5
Ne,Ka1,Emission Line,848.6
Ni,La2,Emission Line,848.7
Ni,La1,Emission Line,848.7
Cl,Ka3,Escape Peak (Si),852.0
Ru,La2,Escape Peak (Si),853.8000000000002
Ru,La1,Escape Peak (Si),858.0
Co,Lb3,Emission Line,865.2
Ni,Lb1,Emission Line,866.0
Co,Lb4,Emission Line,866.2
Tc,Lb4,Escape Peak (Si),895.4000000000001
Ti,La1,Sum Peak (2x),903.6
Ti,La2,Sum Peak (2x),903.6
Ti,Lb1,Sum Peak (2x),916.4
Cl,Ka2,Escape Peak (Si),920.0
Cl,Ka1,Escape Peak (Si),922.0
Tc,Lb3,Escape Peak (Si),925.3000000000002
Cu,La2,Emission Line,927.7
Cu,La1,Emission Line,927.7
Sc,Lb4,Sum Peak (2x),939.4
Sc,Lb3,Sum Peak (2x),939.4
Ni,Lb4,Emission Line,940.6
Ni,Lb3,Emission Line,942.4
Cu,Lb1,Emission Line,947.3
Ru,Lb1,Escape Peak (Si),982.8000000000002
Rh,La2,Escape Peak (Si),992.0999999999999
Rh,La1,Escape Peak (Si),996.8000000000002
O,Ka3,Sum Peak (2x),1003.0
Na,Ka3,Emission Line,1007.3
Zn,La2,Emission Line,1011.6
Zn,La1,Emission Line,1011.7
Cu,Lb4,Emission Line,1019.4
V,La1,Sum Peak (2x),1020.2
V,La2,Sum Peak (2x),1020.2
Cu,Lb3,Emission Line,1021.6
Zn,Lb1,Emission Line,1034.7
V,Lb1,Sum Peak (2x),1035.6
Na,Ka1,Emission Line,1040.3
Na,Ka2,Emission Line,1040.4
Ru,Lb4,Escape Peak (Si),1040.6999999999998
O,Ka2,Sum Peak (2x),1049.8
O,Ka1,Sum Peak (2x),1049.8
Ti,Lb4,Sum Peak (2x),1056.6
Ti,Lb3,Sum Peak (2x),1056.6
Ru,Lb3,Escape Peak (Si),1062.5
Ga,La2,Emission Line,1097.7
Ga,La1,Emission Line,1097.7
Zn,Lb4,Emission Line,1104.8
Zn,Lb3,Emission Line,1107.6
Cl,Kb3,Escape Peak (Si),1112.0
Cl,Kb1,Escape Peak (Si),1112.0
Ga,Lb1,Emission Line,1124.5
Pd,La2,Escape Peak (Si),1132.5
Rh,Lb1,Escape Peak (Si),1134.1
Pd,La1,Escape Peak (Si),1137.8000000000002
Cr,La1,Sum Peak (2x),1144.2
Cr,La2,Sum Peak (2x),1144.2
Cr,Lb1,Sum Peak (2x),1163.6
V,Lb4,Sum Peak (2x),1179.0
V,Lb3,Sum Peak (2x),1179.0
Ar,Ka3,Escape Peak (Si),1179.6
Ge,La2,Emission Line,1187.2
Ge,La1,Emission Line,1187.8
Rh,Lb4,Escape Peak (Si),1190.6999999999998
Ga,Lb4,Emission Line,1195.5
Ga,Lb3,Emission Line,1199.0
Mg,Ka3,Emission Line,1214.4
Rh,Lb3,Escape Peak (Si),1215.5
Ge,Lb1,Emission Line,1218.3
Mg,Ka2,Emission Line,1253.4
Mg,Ka1,Emission Line,1253.79
Ar,Ka2,Escape Peak (Si),1255.3000000000002
Ar,Ka1,Escape Peak (Si),1257.5
Mn,La1,Sum Peak (2x),1273.4
Mn,La2,Sum Peak (2x),1273.4
Ag,La2,Escape Peak (Si),1277.0
As,La1,Emission Line,1281.9
As,La2,Emission Line,1281.9
Ag,La1,Escape Peak (Si),1282.6999999999998
Pd,Lb1,Escape Peak (Si),1289.5
Ge,Lb4,Emission Line,1289.7
Ge,Lb3,Emission Line,1293.8
Mn,Lb1,Sum Peak (2x),1295.8
Mg,Kb1,Emission Line,1302.0
Mg,Kb3,Emission Line,1302.0
F,Ka3,Sum Peak (2x),1303.4
Cr,Lb3,Sum Peak (2x),1307.6
Cr,Lb4,Sum Peak (2x),1307.6
As,Lb1,Emission Line,1317.4
Pd,Lb4,Escape Peak (Si),1344.1
F,Ka1,Sum Peak (2x),1353.6
F,Ka2,Sum Peak (2x),1353.6
Pd,Lb3,Escape Peak (Si),1371.6999999999998
Se,La2,Emission Line,1378.4
Se,La1,Emission Line,1379.3
As,Lb4,Emission Line,1380.8
As,Lb3,Emission Line,1385.8
Fe,La1,Sum Peak (2x),1409.6
Fe,La2,Sum Peak (2x),1409.6
Se,Lb1,Emission Line,1418.8
Cd,La2,Escape Peak (Si),1426.1
Cd,La1,Escape Peak (Si),1432.8000000000002
Fe,Lb1,Sum Peak (2x),1435.8
Al,Ka3,Emission Line,1441.2
Mn,Lb4,Sum Peak (2x),1443.8
Mn,Lb3,Sum Peak (2x),1443.8
Ag,Lb1,Escape Peak (Si),1450.0
Br,La2,Emission Line,1480.0
Br,La1,Emission Line,1481.0
Se,Lb4,Emission Line,1485.5
Al,Ka2,Emission Line,1486.1
Al,Ka1,Emission Line,1486.5
Ar,Kb3,Escape Peak (Si),1490.0
Ar,Kb1,Escape Peak (Si),1490.1999999999998
Se,Lb3,Emission Line,1491.3
Ag,Lb4,Escape Peak (Si),1502.1999999999998
Br,Lb1,Emission Line,1526.0
K,Ka3,Escape Peak (Si),1529.8000000000002
Ag,Lb3,Escape Peak (Si),1533.0
Co,La1,Sum Peak (2x),1550.2
Co,La2,Sum Peak (2x),1550.2
Al,Kb1,Emission Line,1557.0
Al,Kb3,Emission Line,1557.0
In,La2,Escape Peak (Si),1578.6
Co,Lb1,Sum Peak (2x),1580.4
Kr,La2,Emission Line,1583.4
Fe,Lb4,Sum Peak (2x),1583.8
Fe,Lb3,Sum Peak (2x),1583.8
Kr,La1,Emission Line,1584.6
In,La1,Escape Peak (Si),1586.1
Br,Lb4,Emission Line,1593.0
Br,Lb3,Emission Line,1600.0
K,Ka2,Escape Peak (Si),1611.1
K,Ka1,Escape Peak (Si),1613.8000000000002
Cd,Lb1,Escape Peak (Si),1615.1
Kr,Lb1,Emission Line,1635.9
Ne,Ka3,Sum Peak (2x),1643.4
Cd,Lb4,Escape Peak (Si),1665.4
Si,Ka3,Emission Line,1689.3
Rb,La2,Emission Line,1691.0
Rb,La1,Emission Line,1692.0
Ne,Ka2,Sum Peak (2x),1697.0
Ne,Ka1,Sum Peak (2x),1697.2
Ni,La2,Sum Peak (2x),1697.4
Ni,La1,Sum Peak (2x),1697.4
Kr,Lb4,Emission Line,1698.8
Cd,Lb3,Escape Peak (Si),1699.6
Kr,Lb3,Emission Line,1706.6
Co,Lb3,Sum Peak (2x),1730.4
Ni,Lb1,Sum Peak (2x),1732.0
Co,Lb4,Sum Peak (2x),1732.4
Sn,La2,Escape Peak (Si),1735.8000000000002
Si,Ka2,Emission Line,1739.2
Si,Ka1,Emission Line,1739.8
Sn,La1,Escape Peak (Si),1744.1
Rb,Lb1,Emission Line,1751.0
In,Lb1,Escape Peak (Si),1786.6
Sr,La2,Emission Line,1804.0
Sr,La1,Emission Line,1805.8
Rb,Lb4,Emission Line,1816.3
Rb,Lb3,Emission Line,1825.9
In,Lb4,Escape Peak (Si),1834.8000000000002
Si,Kb1,Emission Line,1837.0
Si,Kb3,Emission Line,1837.0
Cu,La1,Sum Peak (2x),1855.4
Cu,La2,Sum Peak (2x),1855.4
Sr,Lb1,Emission Line,1871.0
In,Lb3,Escape Peak (Si),1872.6999999999998
Ni,Lb4,Sum Peak (2x),1881.2
Ni,Lb3,Sum Peak (2x),1884.8
K,Kb3,Escape Peak (Si),1890.1
K,Kb1,Escape Peak (Si),1890.1
Sb,La2,Escape Peak (Si),1894.5
Cu,Lb1,Sum Peak (2x),1894.6
Ca,Ka3,Escape Peak (Si),1900.1
Sb,La1,Escape Peak (Si),1903.8000000000002
Y,La2,Emission Line,1922.3
Y,La1,Emission Line,1924.2
Sr,Lb4,Emission Line,1935.7
Sr,Lb3,Emission Line,1946.0
P,Ka3,Emission Line,1956.5
Sn,Lb1,Escape Peak (Si),1962.8000000000002
Ca,Ka2,Escape Peak (Si),1988.8000000000002
Ca,Ka1,Escape Peak (Si),1992.3000000000002
Y,Lb1,Emission Line,1998.3
Sn,Lb4,Escape Peak (Si),2008.5
P,Ka2,Emission Line,2009.5
P,Ka1,Emission Line,2010.5
Na,Ka3,Sum Peak (2x),2014.6
Zn,La2,Sum Peak (2x),2023.2
Zn,La1,Sum Peak (2x),2023.4
Cu,Lb4,Sum Peak (2x),2038.8
Zr,La2,Emission Line,2041.9
Cu,Lb3,Sum Peak (2x),2043.2
Zr,La1,Emission Line,2044.2
Sn,Lb3,Escape Peak (Si),2050.4
Te,La2,Escape Peak (Si),2057.6
Y,Lb4,Emission Line,2062.4
Te,La1,Escape Peak (Si),2068.0
Zn,Lb1,Sum Peak (2x),2069.4
Y,Lb3,Emission Line,2074.2
Na,Ka1,Sum Peak (2x),2080.6
Na,Ka2,Sum Peak (2x),2080.8
Zr,Lb1,Emission Line,2125.9
P,Kb3,Emission Line,2138.5
P,Kb1,Emission Line,2139.5
Sb,Lb1,Escape Peak (Si),2142.5
Nb,La2,Emission Line,2166.0
Nb,La1,Emission Line,2168.7
Sb,Lb4,Escape Peak (Si),2185.3
Zr,Lb4,Emission Line,2188.5
Ga,La1,Sum Peak (2x),2195.4
Ga,La2,Sum Peak (2x),2195.4
Zr,Lb3,Emission Line,2202.2
Zn,Lb4,Sum Peak (2x),2209.6
Zn,Lb3,Sum Peak (2x),2215.2
I,La2,Escape Peak (Si),2226.2
Sb,Lb3,Escape Peak (Si),2231.6
I,La1,Escape Peak (Si),2237.7
S,Ka3,Emission Line,2241.1
Ga,Lb1,Sum Peak (2x),2249.0
Nb,Lb1,Emission Line,2260.0
Mo,La2,Emission Line,2288.9
Mo,La1,Emission Line,2292.1
Sc,Ka3,Escape Peak (Si),2294.0
S,Ka2,Emission Line,2308.4
S,Ka1,Emission Line,2309.5
Ca,Kb3,Escape Peak (Si),2313.1
Ca,Kb1,Escape Peak (Si),2313.1
Nb,Lb4,Emission Line,2321.9
Te,Lb1,Escape Peak (Si),2328.6
Nb,Lb3,Emission Line,2337.4
Te,Lb4,Escape Peak (Si),2368.2
Ge,La2,Sum Peak (2x),2374.4
Ge,La1,Sum Peak (2x),2375.6
Sc,Ka2,Escape Peak (Si),2388.4
Ga,Lb4,Sum Peak (2x),2391.0
Sc,Ka1,Escape Peak (Si),2393.3
Mo,Lb1,Emission Line,2393.9
Xe,La2,Escape Peak (Si),2397.0
Ga,Lb3,Sum Peak (2x),2398.0
Xe,La1,Escape Peak (Si),2409.6000000000004
Te,Lb3,Escape Peak (Si),2418.2
Tc,La2,Emission Line,2419.4
Tc,La1,Emission Line,2423.1
Mg,Ka3,Sum Peak (2x),2428.8
Ge,Lb1,Sum Peak (2x),2436.6
Mo,Lb4,Emission Line,2454.4
S,Kb3,Emission Line,2464.0
S,Kb1,Emission Line,2465.0
Mo,Lb3,Emission Line,2472.0
Mg,Ka2,Sum Peak (2x),2506.8
Mg,Ka1,Sum Peak (2x),2507.58
I,Lb1,Escape Peak (Si),2521.2
Tc,Lb1,Emission Line,2535.4
Cl,Ka3,Emission Line,2552.0
Ru,La2,Emission Line,2553.8
I,Lb4,Escape Peak (Si),2557.0
Ru,La1,Emission Line,2558.0
As,La2,Sum Peak (2x),2563.8
As,La1,Sum Peak (2x),2563.8
Cs,La2,Escape Peak (Si),2571.5
Ge,Lb4,Sum Peak (2x),2579.4
Cs,La1,Escape Peak (Si),2585.3999999999996
Ge,Lb3,Sum Peak (2x),2587.6
Tc,Lb4,Emission Line,2595.4
Mg,Kb3,Sum Peak (2x),2604.0
Mg,Kb1,Sum Peak (2x),2604.0
I,Lb3,Escape Peak (Si),2613.0
Cl,Ka2,Emission Line,2620.0
Cl,Ka1,Emission Line,2622.0
Tc,Lb3,Emission Line,2625.3
As,Lb1,Sum Peak (2x),2634.8
Ru,Lb1,Emission Line,2682.8
Rh,La2,Emission Line,2692.1
Rh,La1,Emission Line,2696.8
Ti,Ka3,Escape Peak (Si),2705.1000000000004
Xe,Lb1,Escape Peak (Si),2718.0
Ru,Lb4,Emission Line,2740.7
Xe,Lb4,Escape Peak (Si),2750.8999999999996
Ba,La2,Escape Peak (Si),2751.3
Se,La2,Sum Peak (2x),2756.8
Se,La1,Sum Peak (2x),2758.6
As,Lb4,Sum Peak (2x),2761.6
Ru,Lb3,Emission Line,2762.5
Sc,Kb1,Escape Peak (Si),2763.7
Sc,Kb3,Escape Peak (Si),2763.7
Ba,La1,Escape Peak (Si),2766.5
As,Lb3,Sum Peak (2x),2771.6
Ti,Ka2,Escape Peak (Si),2805.8
Cl,Kb3,Emission Line,2812.0
Cl,Kb1,Emission Line,2812.0
Ti,Ka1,Escape Peak (Si),2812.2
Xe,Lb3,Escape Peak (Si),2812.3999999999996
Pd,La2,Emission Line,2832.5
Rh,Lb1,Emission Line,2834.1
Se,Lb1,Sum Peak (2x),2837.6
Pd,La1,Emission Line,2837.8
Ar,Ka3,Emission Line,2879.6
Al,Ka3,Sum Peak (2x),2882.4
Rh,Lb4,Emission Line,2890.7
Rh,Lb3,Emission Line,2915.5
Cs,Lb1,Escape Peak (Si),2918.5
La,La2,Escape Peak (Si),2930.0
Cs,Lb4,Escape Peak (Si),2943.0
La,La1,Escape Peak (Si),2947.0
Ar,Ka2,Emission Line,2955.3
Ar,Ka1,Emission Line,2957.5
Br,La2,Sum Peak (2x),2960.0
Br,La1,Sum Peak (2x),2962.0
Se,Lb4,Sum Peak (2x),2971.0
Al,Ka2,Sum Peak (2x),2972.2
Al,Ka1,Sum Peak (2x),2973.0
Ag,La2,Emission Line,2977.0
Se,Lb3,Sum Peak (2x),2982.6
Ag,La1,Emission Line,2982.7
Pd,Lb1,Emission Line,2989.5
Cs,Lb3,Escape Peak (Si),3011.0
Pd,Lb4,Emission Line,3044.1
Br,Lb1,Sum Peak (2x),3052.0
Pd,Lb3,Emission Line,3071.7
Al,Kb3,Sum Peak (2x),3114.0
Al,Kb1,Sum Peak (2x),3114.0
Ce,La2,Escape Peak (Si),3120.6000000000004
Cd,La2,Emission Line,3126.1
Ba,Lb1,Escape Peak (Si),3128.3
Cd,La1,Emission Line,3132.8
V,Ka3,Escape Peak (Si),3138.3
Ce,La1,Escape Peak (Si),3139.2
Ag,Lb1,Emission Line,3150.0
Ba,Lb4,Escape Peak (Si),3152.0
Kr,La2,Sum Peak (2x),3166.8
Kr,La1,Sum Peak (2x),3169.2
Br,Lb4,Sum Peak (2x),3186.0
Ar,Kb3,Emission Line,3190.0
Ar,Kb1,Emission Line,3190.2
Br,Lb3,Sum Peak (2x),3200.0
Ag,Lb4,Emission Line,3202.2
Ba,Lb3,Escape Peak (Si),3226.0
K,Ka3,Emission Line,3229.8
Ag,Lb3,Emission Line,3233.0
Ti,Kb1,Escape Peak (Si),3233.3999999999996
Ti,Kb3,Escape Peak (Si),3233.3999999999996
V,Ka2,Escape Peak (Si),3245.2
V,Ka1,Escape Peak (Si),3252.8999999999996
Ti,Kb5,Escape Peak (Si),3264.0
Kr,Lb1,Sum Peak (2x),3271.8
In,La2,Emission Line,3278.6
In,La1,Emission Line,3286.1
K,Ka2,Emission Line,3311.1
K,Ka1,Emission Line,3313.8
Cd,Lb1,Emission Line,3315.1
Pr,La2,Escape Peak (Si),3315.7
Pr,La1,Escape Peak (Si),3335.2
La,Lb1,Escape Peak (Si),3338.0
La,Lb4,Escape Peak (Si),3357.0
Cd,Lb4,Emission Line,3365.4
Si,Ka3,Sum Peak (2x),3378.6
Rb,La2,Sum Peak (2x),3382.0
Rb,La1,Sum Peak (2x),3384.0
Kr,Lb4,Sum Peak (2x),3397.6
Cd,Lb3,Emission Line,3399.6
Kr,Lb3,Sum Peak (2x),3413.2
Sn,La2,Emission Line,3435.8
La,Lb3,Escape Peak (Si),3438.0
Sn,La1,Emission Line,3444.1
Si,Ka2,Sum Peak (2x),3478.4
Si,Ka1,Sum Peak (2x),3479.6
In,Lb1,Emission Line,3486.6
Rb,Lb1,Sum Peak (2x),3502.0
Nd,La2,Escape Peak (Si),3504.7
Nd,La1,Escape Peak (Si),3527.6000000000004
In,Lb4,Emission Line,3534.8
Ce,Lb1,Escape Peak (Si),3561.6000000000004
In,Lb3,Emission Line,3572.7
Ce,Lb4,Escape Peak (Si),3574.0
K,Kb3,Emission Line,3590.1
K,Kb1,Emission Line,3590.1
Cr,Ka3,Escape Peak (Si),3593.0
Sb,La2,Emission Line,3594.5
Ca,Ka3,Emission Line,3600.1
Sb,La1,Emission Line,3603.8
Sr,La2,Sum Peak (2x),3608.0
Sr,La1,Sum Peak (2x),3611.6
Rb,Lb4,Sum Peak (2x),3632.6
Rb,Lb3,Sum Peak (2x),3651.8
Ce,Lb3,Escape Peak (Si),3661.0
Sn,Lb1,Emission Line,3662.8
Si,Kb1,Sum Peak (2x),3674.0
Si,Kb3,Sum Peak (2x),3674.0
Ca,Ka2,Emission Line,3688.8
Ca,Ka1,Emission Line,3692.3
Cr,Ka2,Escape Peak (Si),3705.2
Pm,La2,Escape Peak (Si),3707.0
Sn,Lb4,Emission Line,3708.5
Cr,Ka1,Escape Peak (Si),3714.8999999999996
V,Kb3,Escape Peak (Si),3727.8
V,Kb1,Escape Peak (Si),3727.8
Pm,La1,Escape Peak (Si),3732.0
Sr,Lb1,Sum Peak (2x),3742.0
Sn,Lb3,Emission Line,3750.4
Te,La2,Emission Line,3757.6
V,Kb5,Escape Peak (Si),3763.0
Te,La1,Emission Line,3768.0
Pr,Lb1,Escape Peak (Si),3791.7
Pr,Lb4,Escape Peak (Si),3798.0
Sb,Lb1,Emission Line,3842.5
Y,La2,Sum Peak (2x),3844.6
Y,La1,Sum Peak (2x),3848.4
Sr,Lb4,Sum Peak (2x),3871.4
Sb,Lb4,Emission Line,3885.3
Sr,Lb3,Sum Peak (2x),3892.0
Pr,Lb3,Escape Peak (Si),3893.0
Sm,La2,Escape Peak (Si),3905.1000000000004
P,Ka3,Sum Peak (2x),3913.0
I,La2,Emission Line,3926.2
Sb,Lb3,Emission Line,3931.6
Sm,La1,Escape Peak (Si),3932.6000000000004
I,La1,Emission Line,3937.7
Sc,Ka3,Emission Line,3994.0
Y,Lb1,Sum Peak (2x),3996.6
Ca,Kb3,Emission Line,4013.1
Ca,Kb1,Emission Line,4013.1
Nd,Lb1,Escape Peak (Si),4018.7
P,Ka2,Sum Peak (2x),4019.0
P,Ka1,Sum Peak (2x),4021.0
Nd,Lb4,Escape Peak (Si),4023.0
Te,Lb1,Emission Line,4028.6
Te,Lb4,Emission Line,4068.2
Mn,Ka3,Escape Peak (Si),4069.8999999999996
Zr,La2,Sum Peak (2x),4083.8
Sc,Ka2,Emission Line,4088.4
Zr,La1,Sum Peak (2x),4088.4
Sc,Ka1,Emission Line,4093.3
Xe,La2,Emission Line,4097.0
Xe,La1,Emission Line,4109.6
Te,Lb3,Emission Line,4118.2
Eu,La2,Escape Peak (Si),4118.4
Y,Lb4,Sum Peak (2x),4124.8
Nd,Lb3,Escape Peak (Si),4129.0
Y,Lb3,Sum Peak (2x),4148.4
Eu,La1,Escape Peak (Si),4149.5
Mn,Ka2,Escape Peak (Si),4189.1
Mn,Ka1,Escape Peak (Si),4200.3
I,Lb1,Emission Line,4221.2
Cr,Kb3,Escape Peak (Si),4246.8
Cr,Kb1,Escape Peak (Si),4246.8
Zr,Lb1,Sum Peak (2x),4251.8
Pm,Lb4,Escape Peak (Si),4256.6
I,Lb4,Emission Line,4257.0
Pm,Lb1,Escape Peak (Si),4261.0
Cs,La2,Emission Line,4271.5
P,Kb3,Sum Peak (2x),4277.0
P,Kb1,Sum Peak (2x),4279.0
Cs,La1,Emission Line,4285.4
Cr,Kb5,Escape Peak (Si),4287.0
I,Lb3,Emission Line,4313.0
Gd,La2,Escape Peak (Si),4321.1
Nb,La2,Sum Peak (2x),4332.0
Nb,La1,Sum Peak (2x),4337.4
Gd,La1,Escape Peak (Si),4353.4
Pm,Lb3,Escape Peak (Si),4371.0
Zr,Lb4,Sum Peak (2x),4377.0
Zr,Lb3,Sum Peak (2x),4404.4
Ti,Ka3,Emission Line,4405.1
Xe,Lb1,Emission Line,4418.0
Xe,Lb4,Emission Line,4450.9
Ba,La2,Emission Line,4451.3
Sc,Kb3,Emission Line,4463.7
Sc,Kb1,Emission Line,4463.7
Ba,La1,Emission Line,4466.5
S,Ka3,Sum Peak (2x),4482.2
Sm,Lb4,Escape Peak (Si),4496.0
Sm,Lb1,Escape Peak (Si),4501.1
Ti,Ka2,Emission Line,4505.8
Ti,Ka1,Emission Line,4512.2
Xe,Lb3,Emission Line,4512.4
Nb,Lb1,Sum Peak (2x),4520.0
Tb,La2,Escape Peak (Si),4537.1
Fe,Ka3,Escape Peak (Si),4567.4
Tb,La1,Escape Peak (Si),4572.9
Mo,La2,Sum Peak (2x),4577.8
Mo,La1,Sum Peak (2x),4584.2
S,Ka2,Sum Peak (2x),4616.8
Sm,Lb3,Escape Peak (Si),4617.2
Cs,Lb1,Emission Line,4618.5
S,Ka1,Sum Peak (2x),4619.0
La,La2,Emission Line,4630.0
Cs,Lb4,Emission Line,4643.0
Nb,Lb4,Sum Peak (2x),4643.8
La,La1,Emission Line,4647.0
Nb,Lb3,Sum Peak (2x),4674.8
Fe,Ka2,Escape Peak (Si),4692.1
Fe,Ka1,Escape Peak (Si),4705.2
Cs,Lb3,Emission Line,4711.0
Eu,Lb4,Escape Peak (Si),4738.0
Dy,La2,Escape Peak (Si),4757.0
Eu,Lb1,Escape Peak (Si),4758.4
Mo,Lb1,Sum Peak (2x),4787.8
Mn,Kb1,Escape Peak (Si),4791.8
Mn,Kb3,Escape Peak (Si),4791.8
Dy,La1,Escape Peak (Si),4798.0
Ce,La2,Emission Line,4820.6
Ba,Lb1,Emission Line,4828.3
Mn,Kb5,Escape Peak (Si),4837.0
V,Ka3,Emission Line,4838.3
Tc,La2,Sum Peak (2x),4838.8
Ce,La1,Emission Line,4839.2
Tc,La1,Sum Peak (2x),4846.2
Ba,Lb4,Emission Line,4852.0
Eu,Lb3,Escape Peak (Si),4871.0
Mo,Lb4,Sum Peak (2x),4908.8
Ba,Lb3,Emission Line,4926.0
S,Kb3,Sum Peak (2x),4928.0
S,Kb1,Sum Peak (2x),4930.0
Ti,Kb3,Emission Line,4933.4
Ti,Kb1,Emission Line,4933.4
Mo,Lb3,Sum Peak (2x),4944.0
V,Ka2,Emission Line,4945.2
V,Ka1,Emission Line,4952.9
Ti,Kb5,Emission Line,4964.0
Ho,La2,Escape Peak (Si),4979.0
Gd,Lb4,Escape Peak (Si),4988.0
Gd,Lb1,Escape Peak (Si),5008.1
Pr,La2,Emission Line,5015.7
Ho,La1,Escape Peak (Si),5020.0
Pr,La1,Emission Line,5035.2
La,Lb1,Emission Line,5038.0
La,Lb4,Emission Line,5057.0
Tc,Lb1,Sum Peak (2x),5070.8
Co,Ka3,Escape Peak (Si),5083.9
Cl,Ka3,Sum Peak (2x),5104.0
Ru,La2,Sum Peak (2x),5107.6
Ru,La1,Sum Peak (2x),5116.0
Gd,Lb3,Escape Peak (Si),5132.0
La,Lb3,Emission Line,5138.0
Tc,Lb4,Sum Peak (2x),5190.8
Nd,La2,Emission Line,5204.7
Er,La2,Escape Peak (Si),5205.0
Co,Ka2,Escape Peak (Si),5215.8
Nd,La1,Emission Line,5227.6
Co,Ka1,Escape Peak (Si),5230.9
Cl,Ka2,Sum Peak (2x),5240.0
Tb,Lb4,Escape Peak (Si),5240.0
Cl,Ka1,Sum Peak (2x),5244.0
Er,La1,Escape Peak (Si),5249.0
Tc,Lb3,Sum Peak (2x),5250.6
Ce,Lb1,Emission Line,5261.6
Ce,Lb4,Emission Line,5274.0
Tb,Lb1,Escape Peak (Si),5275.1
Cr,Ka3,Emission Line,5293.0
Fe,Kb1,Escape Peak (Si),5359.3
Fe,Kb3,Escape Peak (Si),5359.3
Ce,Lb3,Emission Line,5361.0
Ru,Lb1,Sum Peak (2x),5365.6
Rh,La2,Sum Peak (2x),5384.2
Rh,La1,Sum Peak (2x),5393.6
Tb,Lb3,Escape Peak (Si),5397.0
Cr,Ka2,Emission Line,5405.2
Pm,La2,Emission Line,5407.0
Fe,Kb5,Escape Peak (Si),5410.0
Cr,Ka1,Emission Line,5414.9
V,Kb3,Emission Line,5427.8
V,Kb1,Emission Line,5427.8
Pm,La1,Emission Line,5432.0
Tm,La2,Escape Peak (Si),5433.0
V,Kb5,Emission Line,5463.0
Tm,La1,Escape Peak (Si),5480.0
Ru,Lb4,Sum Peak (2x),5481.4
Pr,Lb1,Emission Line,5491.7
Pr,Lb4,Emission Line,5498.0
Dy,Lb4,Escape Peak (Si),5504.0
Ru,Lb3,Sum Peak (2x),5525.0
Dy,Lb1,Escape Peak (Si),5548.0
Pr,Lb3,Emission Line,5593.0
Sm,La2,Emission Line,5605.1
Cl,Kb3,Sum Peak (2x),5624.0
Cl,Kb1,Sum Peak (2x),5624.0
Ni,Ka3,Escape Peak (Si),5624.4
Sm,La1,Emission Line,5632.6
Pd,La2,Sum Peak (2x),5665.0
Yb,La2,Escape Peak (Si),5668.0
Rh,Lb1,Sum Peak (2x),5668.2
Dy,Lb3,Escape Peak (Si),5670.0
Pd,La1,Sum Peak (2x),5675.6
Yb,La1,Escape Peak (Si),5716.0
Nd,Lb1,Emission Line,5718.7
Nd,Lb4,Emission Line,5723.0
Ar,Ka3,Sum Peak (2x),5759.2
Ni,Ka2,Escape Peak (Si),5763.0
Mn,Ka3,Emission Line,5769.9
Ho,Lb4,Escape Peak (Si),5771.0
Ni,Ka1,Escape Peak (Si),5780.3
Rh,Lb4,Sum Peak (2x),5781.4
Eu,La2,Emission Line,5818.4
Ho,Lb1,Escape Peak (Si),5826.0
Nd,Lb3,Emission Line,5829.0
Rh,Lb3,Sum Peak (2x),5831.0
Eu,La1,Emission Line,5849.5
Mn,Ka2,Emission Line,5889.1
Mn,Ka1,Emission Line,5900.3
Lu,La2,Escape Peak (Si),5905.0
Ar,Ka2,Sum Peak (2x),5910.6
Ar,Ka1,Sum Peak (2x),5915.0
Cr,Kb3,Emission Line,5946.8
Cr,Kb1,Emission Line,5946.8
Co,Kb1,Escape Peak (Si),5949.1
Co,Kb3,Escape Peak (Si),5950.1
Ho,Lb3,Escape Peak (Si),5953.0
Ag,La2,Sum Peak (2x),5954.0
Lu,La1,Escape Peak (Si),5955.0
Pm,Lb4,Emission Line,5956.6
Pm,Lb1,Emission Line,5961.0
Ag,La1,Sum Peak (2x),5965.4
Pd,Lb1,Sum Peak (2x),5979.0
Cr,Kb5,Emission Line,5987.0
Co,Kb5,Escape Peak (Si),6006.0
Gd,La2,Emission Line,6021.1
Er,Lb4,Escape Peak (Si),6045.0
Gd,La1,Emission Line,6053.4
Pm,Lb3,Emission Line,6071.0
Pd,Lb4,Sum Peak (2x),6088.2
Er,Lb1,Escape Peak (Si),6111.0
Pd,Lb3,Sum Peak (2x),6143.4
Hf,La2,Escape Peak (Si),6145.0
Cu,Ka3,Escape Peak (Si),6182.3
Sm,Lb4,Emission Line,6196.0
Hf,La1,Escape Peak (Si),6199.0
Sm,Lb1,Emission Line,6201.1
Tb,La2,Emission Line,6237.1
Er,Lb3,Escape Peak (Si),6239.0
Cd,La2,Sum Peak (2x),6252.2
Cd,La1,Sum Peak (2x),6265.6
Fe,Ka3,Emission Line,6267.4
Tb,La1,Emission Line,6272.9
Ag,Lb1,Sum Peak (2x),6300.0
Sm,Lb3,Emission Line,6317.2
Tm,Lb4,Escape Peak (Si),6326.0
Cu,Ka2,Escape Peak (Si),6326.7
Cu,Ka1,Escape Peak (Si),6346.3
Ar,Kb3,Sum Peak (2x),6380.0
Ar,Kb1,Sum Peak (2x),6380.4
Ta,La2,Escape Peak (Si),6388.0
Fe,Ka2,Emission Line,6392.1
Tm,Lb1,Escape Peak (Si),6402.0
Ag,Lb4,Sum Peak (2x),6404.4
Fe,Ka1,Emission Line,6405.2
Eu,Lb4,Emission Line,6438.0
Ta,La1,Escape Peak (Si),6446.0
Dy,La2,Emission Line,6457.0
Eu,Lb1,Emission Line,6458.4
K,Ka3,Sum Peak (2x),6459.6
Ag,Lb3,Sum Peak (2x),6466.0
Mn,Kb1,Emission Line,6491.8
Mn,Kb3,Emission Line,6491.8
Dy,La1,Emission Line,6498.0
Tm,Lb3,Escape Peak (Si),6531.0
Mn,Kb5,Emission Line,6537.0
In,La2,Sum Peak (2x),6557.2
Ni,Kb3,Escape Peak (Si),6565.0
Ni,Kb1,Escape Peak (Si),6566.799999999999
Eu,Lb3,Emission Line,6571.0
In,La1,Sum Peak (2x),6572.2
Yb,Lb4,Escape Peak (Si),6613.0
K,Ka2,Sum Peak (2x),6622.2
K,Ka1,Sum Peak (2x),6627.6
Ni,Kb5,Escape Peak (Si),6629.0
Cd,Lb1,Sum Peak (2x),6630.2
W,La2,Escape Peak (Si),6635.0
Ho,La2,Emission Line,6679.0
Gd,Lb4,Emission Line,6688.0
W,La1,Escape Peak (Si),6698.0
Yb,Lb1,Escape Peak (Si),6702.0
Gd,Lb1,Emission Line,6708.1
Ho,La1,Emission Line,6720.0
Cd,Lb4,Sum Peak (2x),6730.8
Zn,Ka3,Escape Peak (Si),6762.799999999999
Co,Ka3,Emission Line,6783.9
Cd,Lb3,Sum Peak (2x),6799.2
Gd,Lb3,Emission Line,6832.0
Yb,Lb3,Escape Peak (Si),6836.0
Sn,La2,Sum Peak (2x),6871.6
Re,La2,Escape Peak (Si),6886.0
Sn,La1,Sum Peak (2x),6888.2
Er,La2,Emission Line,6905.0
Lu,Lb4,Escape Peak (Si),6906.0
Zn,Ka2,Escape Peak (Si),6914.1
Co,Ka2,Emission Line,6915.8
Co,Ka1,Emission Line,6930.9
Zn,Ka1,Escape Peak (Si),6937.200000000001
Tb,Lb4,Emission Line,6940.0
Er,La1,Emission Line,6949.0
Re,La1,Escape Peak (Si),6952.0
In,Lb1,Sum Peak (2x),6973.2
Tb,Lb1,Emission Line,6975.1
Lu,Lb1,Escape Peak (Si),7010.0
Fe,Kb1,Emission Line,7059.3
Fe,Kb3,Emission Line,7059.3
In,Lb4,Sum Peak (2x),7069.6
Tb,Lb3,Emission Line,7097.0
Fe,Kb5,Emission Line,7110.0
Tm,La2,Emission Line,7133.0
Os,La2,Escape Peak (Si),7140.0
In,Lb3,Sum Peak (2x),7145.4
Lu,Lb3,Escape Peak (Si),7146.0
Tm,La1,Emission Line,7180.0
K,Kb1,Sum Peak (2x),7180.2
K,Kb3,Sum Peak (2x),7180.2
Sb,La2,Sum Peak (2x),7189.0
Ca,Ka3,Sum Peak (2x),7200.2
Cu,Kb3,Escape Peak (Si),7201.700000000001
Cu,Kb1,Escape Peak (Si),7203.9
Dy,Lb4,Emission Line,7204.0
Hf,Lb4,Escape Peak (Si),7206.0
Sb,La1,Sum Peak (2x),7207.6
Os,La1,Escape Peak (Si),7211.0
Dy,Lb1,Emission Line,7248.0
Cu,Kb5,Escape Peak (Si),7274.0
Hf,Lb1,Escape Peak (Si),7323.0
Ni,Ka3,Emission Line,7324.4
Sn,Lb1,Sum Peak (2x),7325.6
Yb,La2,Emission Line,7368.0
Ga,Ka3,Escape Peak (Si),7368.0
Dy,Lb3,Emission Line,7370.0
Ca,Ka2,Sum Peak (2x),7377.6
Ca,Ka1,Sum Peak (2x),7384.6
Ir,La2,Escape Peak (Si),7399.0
Yb,La1,Emission Line,7416.0
Sn,Lb4,Sum Peak (2x),7417.0
Ni,Ka2,Emission Line,7463.0
Hf,Lb3,Escape Peak (Si),7464.0
Ho,Lb4,Emission Line,7471.0
Ir,La1,Escape Peak (Si),7475.0
Ni,Ka1,Emission Line,7480.3
Sn,Lb3,Sum Peak (2x),7500.8
Ta,Lb4,Escape Peak (Si),7513.0
Te,La2,Sum Peak (2x),7515.2
Ga,Ka2,Escape Peak (Si),7523.799999999999
Ho,Lb1,Emission Line,7526.0
Te,La1,Sum Peak (2x),7536.0
Ga,Ka1,Escape Peak (Si),7550.6
Lu,La2,Emission Line,7605.0
Ta,Lb1,Escape Peak (Si),7643.0
Co,Kb1,Emission Line,7649.1
Co,Kb3,Emission Line,7650.1
Ho,Lb3,Emission Line,7653.0
Lu,La1,Emission Line,7655.0
Pt,La2,Escape Peak (Si),7662.0
Sb,Lb1,Sum Peak (2x),7685.0
Co,Kb5,Emission Line,7706.0
Pt,La1,Escape Peak (Si),7742.0
Er,Lb4,Emission Line,7745.0
Sb,Lb4,Sum Peak (2x),7770.6
Ta,Lb3,Escape Peak (Si),7788.0
Er,Lb1,Emission Line,7811.0
W,Lb4,Escape Peak (Si),7825.0
Hf,La2,Emission Line,7845.0
I,La2,Sum Peak (2x),7852.4
Sb,Lb3,Sum Peak (2x),7863.2
Zn,Kb3,Escape Peak (Si),7867.6
Zn,Kb1,Escape Peak (Si),7870.4
I,La1,Sum Peak (2x),7875.4
Cu,Ka3,Emission Line,7882.3
Hf,La1,Emission Line,7899.0
Au,La2,Escape Peak (Si),7928.0
Er,Lb3,Emission Line,7939.0
Zn,Kb5,Escape Peak (Si),7948.799999999999
W,Lb1,Escape Peak (Si),7972.0
Sc,Ka3,Sum Peak (2x),7988.0
Ge,Ka3,Escape Peak (Si),7988.4
Au,La1,Escape Peak (Si),8013.0
Tm,Lb4,Emission Line,8026.0
Ca,Kb3,Sum Peak (2x),8026.2
Ca,Kb1,Sum Peak (2x),8026.2
Cu,Ka2,Emission Line,8026.7
Cu,Ka1,Emission Line,8046.3
Te,Lb1,Sum Peak (2x),8057.2
Ta,La2,Emission Line,8088.0
Tm,Lb1,Emission Line,8102.0
W,Lb3,Escape Peak (Si),8119.0
Te,Lb4,Sum Peak (2x),8136.4
Re,Lb4,Escape Peak (Si),8145.0
Ta,La1,Emission Line,8146.0
Ge,Ka2,Escape Peak (Si),8154.9
Sc,Ka2,Sum Peak (2x),8176.8
Ge,Ka1,Escape Peak (Si),8186.0
Sc,Ka1,Sum Peak (2x),8186.6
Xe,La2,Sum Peak (2x),8194.0
Hg,La2,Escape Peak (Si),8199.0
Xe,La1,Sum Peak (2x),8219.2
Tm,Lb3,Emission Line,8231.0
Te,Lb3,Sum Peak (2x),8236.4
Ni,Kb3,Emission Line,8265.0
Ni,Kb1,Emission Line,8266.8
Hg,La1,Escape Peak (Si),8289.0
Re,Lb1,Escape Peak (Si),8310.0
Yb,Lb4,Emission Line,8313.0
Ni,Kb5,Emission Line,8329.0
W,La2,Emission Line,8335.0
W,La1,Emission Line,8398.0
Yb,Lb1,Emission Line,8402.0
I,Lb1,Sum Peak (2x),8442.4
Re,Lb3,Escape Peak (Si),8460.0
Zn,Ka3,Emission Line,8462.8
Tl,La2,Escape Peak (Si),8473.0
Os,Lb4,Escape Peak (Si),8476.0
I,Lb4,Sum Peak (2x),8514.0
Yb,Lb3,Emission Line,8536.0
Cs,La2,Sum Peak (2x),8543.0
Ga,Kb3,Escape Peak (Si),8563.5
Ga,Kb1,Escape Peak (Si),8567.0
Tl,La1,Escape Peak (Si),8569.0
Cs,La1,Sum Peak (2x),8570.8
Re,La2,Emission Line,8586.0
Lu,Lb4,Emission Line,8606.0
Zn,Ka2,Emission Line,8614.1
I,Lb3,Sum Peak (2x),8626.0
Zn,Ka1,Emission Line,8637.2
As,Ka3,Escape Peak (Si),8640.0
Ga,Kb5,Escape Peak (Si),8648.3
Re,La1,Emission Line,8652.0
Os,Lb1,Escape Peak (Si),8654.0
Lu,Lb1,Emission Line,8710.0
Pb,La2,Escape Peak (Si),8749.0
As,Ka2,Escape Peak (Si),8807.9
Ir,Lb4,Escape Peak (Si),8810.0
Ti,Ka3,Sum Peak (2x),8810.2
Os,Lb3,Escape Peak (Si),8811.0
Xe,Lb1,Sum Peak (2x),8836.0
Os,La2,Emission Line,8840.0
As,Ka1,Escape Peak (Si),8843.4
Lu,Lb3,Emission Line,8846.0
Pb,La1,Escape Peak (Si),8851.0
Cu,Kb3,Emission Line,8901.7
Xe,Lb4,Sum Peak (2x),8901.8
Ba,La2,Sum Peak (2x),8902.6
Cu,Kb1,Emission Line,8903.9
Hf,Lb4,Emission Line,8906.0
Os,La1,Emission Line,8911.0
Sc,Kb1,Sum Peak (2x),8927.4
Sc,Kb3,Sum Peak (2x),8927.4
Ba,La1,Sum Peak (2x),8933.0
Cu,Kb5,Emission Line,8974.0
Ir,Lb1,Escape Peak (Si),9008.0
Ti,Ka2,Sum Peak (2x),9011.6
Hf,Lb1,Emission Line,9023.0
Ti,Ka1,Sum Peak (2x),9024.4
Xe,Lb3,Sum Peak (2x),9024.8
Bi,La2,Escape Peak (Si),9031.0
Ga,Ka3,Emission Line,9068.0
Ir,La2,Emission Line,9099.0
Bi,La1,Escape Peak (Si),9139.0
Pt,Lb4,Escape Peak (Si),9153.0
Hf,Lb3,Emission Line,9164.0
Ir,Lb3,Escape Peak (Si),9168.0
Ir,La1,Emission Line,9175.0
Ta,Lb4,Emission Line,9213.0
Ga,Ka2,Emission Line,9223.8
Cs,Lb1,Sum Peak (2x),9237.0
Ga,Ka1,Emission Line,9250.6
La,La2,Sum Peak (2x),9260.0
Ge,Kb3,Escape Peak (Si),9278.1
Ge,Kb1,Escape Peak (Si),9282.2
Cs,Lb4,Sum Peak (2x),9286.0
La,La1,Sum Peak (2x),9294.0
Se,Ka3,Escape Peak (Si),9306.0
Po,La2,Escape Peak (Si),9316.0
Ta,Lb1,Emission Line,9343.0
Pt,La2,Emission Line,9362.0
Pt,Lb1,Escape Peak (Si),9371.0
Ge,Kb5,Escape Peak (Si),9373.2
Cs,Lb3,Sum Peak (2x),9422.0
Po,La1,Escape Peak (Si),9431.0
Pt,La1,Emission Line,9442.0
Se,Ka2,Escape Peak (Si),9483.7
Ta,Lb3,Emission Line,9488.0
Au,Lb4,Escape Peak (Si),9505.0
Se,Ka1,Escape Peak (Si),9524.1
W,Lb4,Emission Line,9525.0
Pt,Lb3,Escape Peak (Si),9535.0
Zn,Kb3,Emission Line,9567.6
Zn,Kb1,Emission Line,9570.4
At,La2,Escape Peak (Si),9605.0
Au,La2,Emission Line,9628.0
Ce,La2,Sum Peak (2x),9641.2
Zn,Kb5,Emission Line,9648.8
Ba,Lb1,Sum Peak (2x),9656.6
W,Lb1,Emission Line,9672.0
V,Ka3,Sum Peak (2x),9676.6
Ce,La1,Sum Peak (2x),9678.4
Ge,Ka3,Emission Line,9688.4
Ba,Lb4,Sum Peak (2x),9704.0
Au,La1,Emission Line,9713.0
At,La1,Escape Peak (Si),9727.0
Au,Lb1,Escape Peak (Si),9743.0
W,Lb3,Emission Line,9819.0
Re,Lb4,Emission Line,9845.0
Ba,Lb3,Sum Peak (2x),9852.0
Ge,Ka2,Emission Line,9854.9
Hg,Lb4,Escape Peak (Si),9860.0
Ti,Kb1,Sum Peak (2x),9866.8
Ti,Kb3,Sum Peak (2x),9866.8
Ge,Ka1,Emission Line,9886.0
V,Ka2,Sum Peak (2x),9890.4
Rn,La2,Escape Peak (Si),9897.0
Hg,La2,Emission Line,9899.0
V,Ka1,Sum Peak (2x),9905.8
Au,Lb3,Escape Peak (Si),9910.0
Ti,Kb5,Sum Peak (2x),9928.0
Hg,La1,Emission Line,9989.0
Br,Ka3,Escape Peak (Si),9992.0
Re,Lb1,Emission Line,10010.0
As,Kb3,Escape Peak (Si),10020.8
As,Kb1,Escape Peak (Si),10025.8
Rn,La1,Escape Peak (Si),10027.0
Pr,La2,Sum Peak (2x),10031.4
Pr,La1,Sum Peak (2x),10070.4
La,Lb1,Sum Peak (2x),10076.0
La,Lb4,Sum Peak (2x),10114.0
Hg,Lb1,Escape Peak (Si),10124.0
As,Kb5,Escape Peak (Si),10125.3
Re,Lb3,Emission Line,10160.0
As,Kb2,Escape Peak (Si),10164.0
Tl,La2,Emission Line,10173.0
Os,Lb4,Emission Line,10176.0
Br,Ka2,Escape Peak (Si),10178.0
Fr,La2,Escape Peak (Si),10195.0
Au,Lb5,Escape Peak (Si),10214.0
Br,Ka1,Escape Peak (Si),10224.0
Tl,Lb4,Escape Peak (Si),10231.0
Ga,Kb3,Emission Line,10263.5
Ga,Kb1,Emission Line,10267.0
Tl,La1,Emission Line,10269.0
La,Lb3,Sum Peak (2x),10276.0
Hg,Lb3,Escape Peak (Si),10292.0
Fr,La1,Escape Peak (Si),10331.0
As,Ka3,Emission Line,10340.0
Ga,Kb5,Emission Line,10348.3
Os,Lb1,Emission Line,10354.0
Nd,La2,Sum Peak (2x),10409.4
Pb,La2,Emission Line,10449.0
Nd,La1,Sum Peak (2x),10455.2
Ra,La2,Escape Peak (Si),10496.0
As,Ka2,Emission Line,10507.9
Ir,Lb4,Emission Line,10510.0
Os,Lb3,Emission Line,10511.0
Tl,Lb1,Escape Peak (Si),10513.0
Ce,Lb1,Sum Peak (2x),10523.2
As,Ka1,Emission Line,10543.4
Ce,Lb4,Sum Peak (2x),10548.0
Pb,La1,Emission Line,10551.0
Hg,Lb5,Escape Peak (Si),10574.4
Cr,Ka3,Sum Peak (2x),10586.0
Pb,Lb4,Escape Peak (Si),10607.0
Ra,La1,Escape Peak (Si),10639.0
Tl,Lb3,Escape Peak (Si),10690.0
Kr,Ka3,Escape Peak (Si),10705.0
Ir,Lb1,Emission Line,10708.0
Ce,Lb3,Sum Peak (2x),10722.0
Bi,La2,Emission Line,10731.0
Se,Kb3,Escape Peak (Si),10791.5
Se,Kb1,Escape Peak (Si),10797.3
Ac,La2,Escape Peak (Si),10801.0
Cr,Ka2,Sum Peak (2x),10810.4
Pm,La2,Sum Peak (2x),10814.0
Cr,Ka1,Sum Peak (2x),10829.8
Bi,La1,Emission Line,10839.0
Pt,Lb4,Emission Line,10853.0
V,Kb3,Sum Peak (2x),10855.6
V,Kb1,Sum Peak (2x),10855.6
Pm,La1,Sum Peak (2x),10864.0
Ir,Lb3,Emission Line,10868.0
Kr,Ka2,Escape Peak (Si),10895.1
Se,Kb5,Escape Peak (Si),10902.5
Pb,Lb1,Escape Peak (Si),10914.0
V,Kb5,Sum Peak (2x),10926.0
Tl,Lb5,Escape Peak (Si),10943.3
Kr,Ka1,Escape Peak (Si),10947.6
Ac,La1,Escape Peak (Si),10952.0
Se,Kb2,Escape Peak (Si),10955.0
Ge,Kb3,Emission Line,10978.1
Ge,Kb1,Emission Line,10982.2
Pr,Lb1,Sum Peak (2x),10983.4
Bi,Lb4,Escape Peak (Si),10992.0
Pr,Lb4,Sum Peak (2x),10996.0
Se,Ka3,Emission Line,11006.0
Po,La2,Emission Line,11016.0
Pt,Lb1,Emission Line,11071.0
Ge,Kb5,Emission Line,11073.2
Pb,Lb3,Escape Peak (Si),11095.0
Th,La2,Escape Peak (Si),11109.0
Po,La1,Emission Line,11131.0
Se,Ka2,Emission Line,11183.7
Pr,Lb3,Sum Peak (2x),11186.0
Au,Lb4,Emission Line,11205.0
Sm,La2,Sum Peak (2x),11210.2
Se,Ka1,Emission Line,11224.1
Pt,Lb3,Emission Line,11235.0
Sm,La1,Sum Peak (2x),11265.2
Th,La1,Escape Peak (Si),11268.0
At,La2,Emission Line,11305.0
Pb,Lb5,Escape Peak (Si),11314.3
Bi,Lb1,Escape Peak (Si),11323.0
Po,Lb4,Escape Peak (Si),11385.0
Pa,La2,Escape Peak (Si),11422.0
At,La1,Emission Line,11427.0
Rb,Ka3,Escape Peak (Si),11435.0
Nd,Lb1,Sum Peak (2x),11437.4
Au,Lb1,Emission Line,11443.0
Nd,Lb4,Sum Peak (2x),11446.0
Bi,Lb3,Escape Peak (Si),11511.0
Mn,Ka3,Sum Peak (2x),11539.8
Hg,Lb4,Emission Line,11560.0
Br,Kb3,Escape Peak (Si),11585.0
Pa,La1,Escape Peak (Si),11591.0
Br,Kb1,Escape Peak (Si),11592.0
Rn,La2,Emission Line,11597.0
Au,Lb3,Emission Line,11610.0
Rb,Ka2,Escape Peak (Si),11636.0
Eu,La2,Sum Peak (2x),11636.8
Nd,Lb3,Sum Peak (2x),11658.0
Br,Ka3,Emission Line,11692.0
Bi,Lb5,Escape Peak (Si),11692.1
Rb,Ka1,Escape Peak (Si),11696.0
Eu,La1,Sum Peak (2x),11699.0
Br,Kb5,Escape Peak (Si),11704.0
As,Kb3,Emission Line,11720.8
As,Kb1,Emission Line,11725.8
Rn,La1,Emission Line,11727.0
U,La2,Escape Peak (Si),11738.0
Po,Lb1,Escape Peak (Si),11746.0
Br,Kb2,Escape Peak (Si),11771.0
Mn,Ka2,Sum Peak (2x),11778.2
At,Lb4,Escape Peak (Si),11785.0
Mn,Ka1,Sum Peak (2x),11800.6
Hg,Lb1,Emission Line,11824.0
As,Kb5,Emission Line,11825.3
As,Kb2,Emission Line,11864.0
Br,Ka2,Emission Line,11878.0
Cr,Kb1,Sum Peak (2x),11893.6
Cr,Kb3,Sum Peak (2x),11893.6
Fr,La2,Emission Line,11895.0
Pm,Lb4,Sum Peak (2x),11913.2
Au,Lb5,Emission Line,11914.0
U,La1,Escape Peak (Si),11914.0
Pm,Lb1,Sum Peak (2x),11922.0
Br,Ka1,Emission Line,11924.0
Tl,Lb4,Emission Line,11931.0
Po,Lb3,Escape Peak (Si),11937.0
Cr,Kb5,Sum Peak (2x),11974.0
Hg,Lb3,Emission Line,11992.0
Fr,La1,Emission Line,12031.0
Gd,La2,Sum Peak (2x),12042.2
Np,La2,Escape Peak (Si),12061.0
Po,Lb5,Escape Peak (Si),12083.0
Gd,La1,Sum Peak (2x),12106.8
Pm,Lb3,Sum Peak (2x),12142.0
At,Lb1,Escape Peak (Si),12176.0
Sr,Ka3,Escape Peak (Si),12189.0
Rn,Lb4,Escape Peak (Si),12190.0
Ra,La2,Emission Line,12196.0
Tl,Lb1,Emission Line,12213.0
Np,La1,Escape Peak (Si),12246.0
Hg,Lb5,Emission Line,12274.4
Pb,Lb4,Emission Line,12307.0
Ra,La1,Emission Line,12339.0
At,Lb3,Escape Peak (Si),12367.0
Pu,La2,Escape Peak (Si),12387.0
Tl,Lb3,Emission Line,12390.0
Sm,Lb4,Sum Peak (2x),12392.0
Sr,Ka2,Escape Peak (Si),12398.0
Sm,Lb1,Sum Peak (2x),12402.2
Kr,Kb3,Escape Peak (Si),12403.8
Kr,Ka3,Emission Line,12405.0
Kr,Kb1,Escape Peak (Si),12411.6
Sr,Ka1,Escape Peak (Si),12465.0
At,Lb5,Escape Peak (Si),12474.0
Tb,La2,Sum Peak (2x),12474.2
Se,Kb3,Emission Line,12491.5
Se,Kb1,Emission Line,12497.3
Ac,La2,Emission Line,12501.0
Kr,Kb5,Escape Peak (Si),12531.0
Fe,Ka3,Sum Peak (2x),12534.8
Tb,La1,Sum Peak (2x),12545.8
Pu,La1,Escape Peak (Si),12582.0
Kr,Ka2,Emission Line,12595.1
Se,Kb5,Emission Line,12602.5
Kr,Kb2,Escape Peak (Si),12611.9
Fr,Lb4,Escape Peak (Si),12612.0
Pb,Lb1,Emission Line,12614.0
Rn,Lb1,Escape Peak (Si),12615.0
Sm,Lb3,Sum Peak (2x),12634.4
Tl,Lb5,Emission Line,12643.3
Kr,Ka1,Emission Line,12647.6
Ac,La1,Emission Line,12652.0
Se,Kb2,Emission Line,12655.0
Bi,Lb4,Emission Line,12692.0
Am,La2,Escape Peak (Si),12714.0
Fe,Ka2,Sum Peak (2x),12784.2
Pb,Lb3,Emission Line,12795.0
Th,La2,Emission Line,12809.0
Fe,Ka1,Sum Peak (2x),12810.4
Rn,Lb3,Escape Peak (Si),12811.0
Rn,Lb5,Escape Peak (Si),12871.0
Eu,Lb4,Sum Peak (2x),12876.0
Dy,La2,Sum Peak (2x),12914.0
Eu,Lb1,Sum Peak (2x),12916.8
Am,La1,Escape Peak (Si),12920.0
Y,Ka3,Escape Peak (Si),12965.0
Th,La1,Emission Line,12968.0
Mn,Kb3,Sum Peak (2x),12983.6
Mn,Kb1,Sum Peak (2x),12983.6
Dy,La1,Sum Peak (2x),12996.0
Pb,Lb5,Emission Line,13014.3
Bi,Lb1,Emission Line,13023.0
Cm,La2,Escape Peak (Si),13046.0
Ra,Lb4,Escape Peak (Si),13047.0
Fr,Lb1,Escape Peak (Si),13071.0
Mn,Kb5,Sum Peak (2x),13074.0
Po,Lb4,Emission Line,13085.0
Pa,La2,Emission Line,13122.0
Rb,Ka3,Emission Line,13135.0
Eu,Lb3,Sum Peak (2x),13142.0
Y,Ka2,Escape Peak (Si),13182.0
Bi,Lb3,Emission Line,13211.0
Rb,Kb3,Escape Peak (Si),13251.3
Y,Ka1,Escape Peak (Si),13258.0
Rb,Kb1,Escape Peak (Si),13260.9
Cm,La1,Escape Peak (Si),13261.0
Fr,Lb5,Escape Peak (Si),13273.0
Fr,Lb3,Escape Peak (Si),13276.0
Br,Kb3,Emission Line,13285.0
Pa,La1,Emission Line,13291.0
Br,Kb1,Emission Line,13292.0
Rb,Ka2,Emission Line,13336.0
Ho,La2,Sum Peak (2x),13358.0
Gd,Lb4,Sum Peak (2x),13376.0
Bk,La2,Escape Peak (Si),13382.0
Rb,Kb5,Escape Peak (Si),13387.0
Bi,Lb5,Emission Line,13392.1
Rb,Ka1,Emission Line,13396.0
Br,Kb5,Emission Line,13404.0
Gd,Lb1,Sum Peak (2x),13416.2
U,La2,Emission Line,13438.0
Ho,La1,Sum Peak (2x),13440.0
Po,Lb1,Emission Line,13446.0
Br,Kb2,Emission Line,13471.0
Rb,Kb2,Escape Peak (Si),13483.7
Ac,Lb4,Escape Peak (Si),13484.0
At,Lb4,Emission Line,13485.0
Ra,Lb1,Escape Peak (Si),13536.0
Co,Ka3,Sum Peak (2x),13567.8
Bk,La1,Escape Peak (Si),13608.0
U,La1,Emission Line,13614.0
Po,Lb3,Emission Line,13637.0
Gd,Lb3,Sum Peak (2x),13664.0
Ra,Lb5,Escape Peak (Si),13676.0
Cf,La2,Escape Peak (Si),13723.0
Ra,Lb3,Escape Peak (Si),13745.0
Np,La2,Emission Line,13761.0
Zr,Ka3,Escape Peak (Si),13766.0
Po,Lb5,Emission Line,13783.0
Er,La2,Sum Peak (2x),13810.0
Co,Ka2,Sum Peak (2x),13831.6
Co,Ka1,Sum Peak (2x),13861.8
At,Lb1,Emission Line,13876.0
Tb,Lb4,Sum Peak (2x),13880.0
Sr,Ka3,Emission Line,13889.0
Rn,Lb4,Emission Line,13890.0
Er,La1,Sum Peak (2x),13898.0
Th,Lb4,Escape Peak (Si),13942.0
Np,La1,Emission Line,13946.0
Tb,Lb1,Sum Peak (2x),13950.2
Cf,La1,Escape Peak (Si),13960.0
Zr,Ka2,Escape Peak (Si),13991.0
Ac,Lb1,Escape Peak (Si),14013.0
At,Lb3,Emission Line,14067.0
Zr,Ka1,Escape Peak (Si),14075.0
Pu,La2,Emission Line,14087.0
Ac,Lb5,Escape Peak (Si),14091.0
Sr,Ka2,Emission Line,14098.0
Kr,Kb3,Emission Line,14103.8
Kr,Kb1,Emission Line,14111.6
Fe,Kb3,Sum Peak (2x),14118.6
Fe,Kb1,Sum Peak (2x),14118.6
Sr,Kb3,Escape Peak (Si),14124.7
Sr,Kb1,Escape Peak (Si),14135.0
Sr,Ka1,Emission Line,14165.0
At,Lb5,Emission Line,14174.0
Tb,Lb3,Sum Peak (2x),14194.0
Fe,Kb5,Sum Peak (2x),14220.0
Kr,Kb5,Emission Line,14231.0
Ac,Lb3,Escape Peak (Si),14231.0
Tm,La2,Sum Peak (2x),14266.0
Sr,Kb5,Escape Peak (Si),14269.0
Pu,La1,Emission Line,14282.0
Kr,Kb2,Emission Line,14311.9
Fr,Lb4,Emission Line,14312.0
Rn,Lb1,Emission Line,14315.0
Tm,La1,Sum Peak (2x),14360.0
Sr,Kb2,Escape Peak (Si),14383.4
Pa,Lb4,Escape Peak (Si),14404.0
Dy,Lb4,Sum Peak (2x),14408.0
Am,La2,Emission Line,14414.0
Dy,Lb1,Sum Peak (2x),14496.0
Th,Lb1,Escape Peak (Si),14502.0
Th,Lb5,Escape Peak (Si),14507.5
Rn,Lb3,Emission Line,14511.0
Rn,Lb5,Emission Line,14571.0
Nb,Ka3,Escape Peak (Si),14588.0
Am,La1,Emission Line,14620.0
Ni,Ka3,Sum Peak (2x),14648.8
Y,Ka3,Emission Line,14665.0
Th,Lb3,Escape Peak (Si),14726.0
Yb,La2,Sum Peak (2x),14736.0
Dy,Lb3,Sum Peak (2x),14740.0
Cm,La2,Emission Line,14746.0
Ra,Lb4,Emission Line,14747.0
Fr,Lb1,Emission Line,14771.0
Nb,Ka2,Escape Peak (Si),14821.0
Yb,La1,Sum Peak (2x),14832.0
U,Lb4,Escape Peak (Si),14875.0
Y,Ka2,Emission Line,14882.0
Nb,Ka1,Escape Peak (Si),14915.0
Ni,Ka2,Sum Peak (2x),14926.0
Pa,Lb5,Escape Peak (Si),14939.0
Ho,Lb4,Sum Peak (2x),14942.0
Rb,Kb3,Emission Line,14951.3
Y,Ka1,Emission Line,14958.0
Ni,Ka1,Sum Peak (2x),14960.6
Rb,Kb1,Emission Line,14960.9
Cm,La1,Emission Line,14961.0
Fr,Lb5,Emission Line,14973.0
Fr,Lb3,Emission Line,14976.0
Pa,Lb1,Escape Peak (Si),15003.0
Y,Kb3,Escape Peak (Si),15027.400000000001
Y,Kb1,Escape Peak (Si),15039.2
Ho,Lb1,Sum Peak (2x),15052.0
Bk,La2,Emission Line,15082.0
Rb,Kb5,Emission Line,15087.0
Y,Kb5,Escape Peak (Si),15180.3
Rb,Kb2,Emission Line,15183.7
Ac,Lb4,Emission Line,15184.0
Lu,La2,Sum Peak (2x),15210.0
Pa,Lb3,Escape Peak (Si),15231.0
Ra,Lb1,Emission Line,15236.0
Co,Kb1,Sum Peak (2x),15298.2
Co,Kb3,Sum Peak (2x),15300.2
Ho,Lb3,Sum Peak (2x),15306.0
Bk,La1,Emission Line,15308.0
Lu,La1,Sum Peak (2x),15310.0
Y,Kb2,Escape Peak (Si),15313.599999999999
Np,Lb4,Escape Peak (Si),15361.0
U,Lb5,Escape Peak (Si),15363.2
Ra,Lb5,Emission Line,15376.0
Co,Kb5,Sum Peak (2x),15412.0
Cf,La2,Emission Line,15423.0
Mo,Ka3,Escape Peak (Si),15434.0
Ra,Lb3,Emission Line,15445.0
Zr,Ka3,Emission Line,15466.0
Er,Lb4,Sum Peak (2x),15490.0
U,Lb1,Escape Peak (Si),15520.0
Er,Lb1,Sum Peak (2x),15622.0
Th,Lb4,Emission Line,15642.0
Cf,La1,Emission Line,15660.0
Mo,Ka2,Escape Peak (Si),15675.0
Hf,La2,Sum Peak (2x),15690.0
Zr,Ka2,Emission Line,15691.0
Ac,Lb1,Emission Line,15713.0
U,Lb3,Escape Peak (Si),15754.0
Cu,Ka3,Sum Peak (2x),15764.6
Zr,Ka1,Emission Line,15775.0
Mo,Ka1,Escape Peak (Si),15780.0
Ac,Lb5,Emission Line,15791.0
Hf,La1,Sum Peak (2x),15798.0
Np,Lb5,Escape Peak (Si),15801.0
Sr,Kb3,Emission Line,15824.7
Sr,Kb1,Emission Line,15835.0
Pu,Lb4,Escape Peak (Si),15857.0
Er,Lb3,Sum Peak (2x),15878.0
Ac,Lb3,Emission Line,15931.0
Zr,Kb3,Escape Peak (Si),15954.5
Zr,Kb1,Escape Peak (Si),15968.2
Sr,Kb5,Emission Line,15969.0
Np,Lb1,Escape Peak (Si),16051.0
Tm,Lb4,Sum Peak (2x),16052.0
Cu,Ka2,Sum Peak (2x),16053.4
Sr,Kb2,Emission Line,16083.4
Cu,Ka1,Sum Peak (2x),16092.6
Pa,Lb4,Emission Line,16104.0
Zr,Kb5,Escape Peak (Si),16116.900000000001
Ta,La2,Sum Peak (2x),16176.0
Th,Lb1,Emission Line,16202.0
Tm,Lb1,Sum Peak (2x),16204.0
Th,Lb5,Emission Line,16207.5
Pu,Lb5,Escape Peak (Si),16244.0
Zr,Kb2,Escape Peak (Si),16269.5
Nb,Ka3,Emission Line,16288.0
Np,Lb3,Escape Peak (Si),16292.0
Ta,La1,Sum Peak (2x),16292.0
Tc,Ka3,Escape Peak (Si),16301.0
Am,Lb4,Escape Peak (Si),16369.0
Th,Lb3,Emission Line,16426.0
Tm,Lb3,Sum Peak (2x),16462.0
Nb,Ka2,Emission Line,16521.0
Ni,Kb3,Sum Peak (2x),16530.0
Ni,Kb1,Sum Peak (2x),16533.6
Tc,Ka2,Escape Peak (Si),16551.0
U,Lb4,Emission Line,16575.0
Pu,Lb1,Escape Peak (Si),16596.0
Nb,Ka1,Emission Line,16615.0
Yb,Lb4,Sum Peak (2x),16626.0
Pa,Lb5,Emission Line,16639.0
Ni,Kb5,Sum Peak (2x),16658.0
Tc,Ka1,Escape Peak (Si),16667.0
W,La2,Sum Peak (2x),16670.0
Am,Lb5,Escape Peak (Si),16694.0
Pa,Lb1,Emission Line,16703.0
Y,Kb3,Emission Line,16727.4
Y,Kb1,Emission Line,16739.2
W,La1,Sum Peak (2x),16796.0
Yb,Lb1,Sum Peak (2x),16804.0
Pu,Lb3,Escape Peak (Si),16841.0
Y,Kb5,Emission Line,16880.3
Cm,Lb4,Escape Peak (Si),16889.0
Nb,Kb3,Escape Peak (Si),16909.9
Nb,Kb1,Escape Peak (Si),16925.4
Zn,Ka3,Sum Peak (2x),16925.6
Pa,Lb3,Emission Line,16931.0
Y,Kb2,Emission Line,17013.6
Np,Lb4,Emission Line,17061.0
U,Lb5,Emission Line,17063.2
Yb,Lb3,Sum Peak (2x),17072.0
Nb,Kb5,Escape Peak (Si),17081.0
Mo,Ka3,Emission Line,17134.0
Cm,Lb5,Escape Peak (Si),17146.0
Am,Lb1,Escape Peak (Si),17156.0
Re,La2,Sum Peak (2x),17172.0
Ru,Ka3,Escape Peak (Si),17193.0
Lu,Lb4,Sum Peak (2x),17212.0
U,Lb1,Emission Line,17220.0
Zn,Ka2,Sum Peak (2x),17228.2
Nb,Kb2,Escape Peak (Si),17253.4
Zn,Ka1,Sum Peak (2x),17274.4
Re,La1,Sum Peak (2x),17304.0
Mo,Ka2,Emission Line,17375.0
Am,Lb3,Escape Peak (Si),17410.0
Bk,Lb4,Escape Peak (Si),17418.0
Lu,Lb1,Sum Peak (2x),17420.0
Ru,Ka2,Escape Peak (Si),17450.0
U,Lb3,Emission Line,17454.0
Mo,Ka1,Emission Line,17480.0
Np,Lb5,Emission Line,17501.0
Pu,Lb4,Emission Line,17557.0
Ru,Ka1,Escape Peak (Si),17579.0
Bk,Lb5,Escape Peak (Si),17605.0
Zr,Kb3,Emission Line,17654.5
Zr,Kb1,Emission Line,17668.2
Os,La2,Sum Peak (2x),17680.0
Lu,Lb3,Sum Peak (2x),17692.0
Cm,Lb1,Escape Peak (Si),17727.0
Np,Lb1,Emission Line,17751.0
Cu,Kb3,Sum Peak (2x),17803.4
Cu,Kb1,Sum Peak (2x),17807.8
Hf,Lb4,Sum Peak (2x),17812.0
Zr,Kb5,Emission Line,17816.9
Os,La1,Sum Peak (2x),17822.0
Mo,Kb3,Escape Peak (Si),17888.4
Mo,Kb1,Escape Peak (Si),17906.0
Pu,Lb5,Emission Line,17944.0
Cu,Kb5,Sum Peak (2x),17948.0
Cf,Lb4,Escape Peak (Si),17965.0
Zr,Kb2,Emission Line,17969.5
Cm,Lb3,Escape Peak (Si),17988.0
Np,Lb3,Emission Line,17992.0
Tc,Ka3,Emission Line,18001.0
Hf,Lb1,Sum Peak (2x),18046.0
Mo,Kb5,Escape Peak (Si),18068.9
Am,Lb4,Emission Line,18069.0
Cf,Lb5,Escape Peak (Si),18070.0
Rh,Ka3,Escape Peak (Si),18108.0
Ga,Ka3,Sum Peak (2x),18136.0
Ir,La2,Sum Peak (2x),18198.0
Tc,Ka2,Emission Line,18251.0
Mo,Kb2,Escape Peak (Si),18262.4
Pu,Lb1,Emission Line,18296.0
Bk,Lb1,Escape Peak (Si),18318.0
Hf,Lb3,Sum Peak (2x),18328.0
Ir,La1,Sum Peak (2x),18350.0
Tc,Ka1,Emission Line,18367.0
Rh,Ka2,Escape Peak (Si),18374.0
Am,Lb5,Emission Line,18394.0
Ta,Lb4,Sum Peak (2x),18426.0
Ga,Ka2,Sum Peak (2x),18447.6
Ga,Ka1,Sum Peak (2x),18501.2
Rh,Ka1,Escape Peak (Si),18516.0
Pu,Lb3,Emission Line,18541.0
Bk,Lb3,Escape Peak (Si),18580.0
Cm,Lb4,Emission Line,18589.0
Nb,Kb3,Emission Line,18609.9
Nb,Kb1,Emission Line,18625.4
Ta,Lb1,Sum Peak (2x),18686.0
Pt,La2,Sum Peak (2x),18724.0
Nb,Kb5,Emission Line,18781.0
Cm,Lb5,Emission Line,18846.0
Am,Lb1,Emission Line,18856.0
Pt,La1,Sum Peak (2x),18884.0
Ru,Ka3,Emission Line,18893.0
Tc,Kb3,Escape Peak (Si),18896.4
Cf,Lb1,Escape Peak (Si),18924.0
Tc,Kb1,Escape Peak (Si),18926.3
Nb,Kb2,Emission Line,18953.4
Ta,Lb3,Sum Peak (2x),18976.0
Pd,Ka3,Escape Peak (Si),19046.0
W,Lb4,Sum Peak (2x),19050.0
Tc,Kb5,Escape Peak (Si),19086.4
Am,Lb3,Emission Line,19110.0
Bk,Lb4,Emission Line,19118.0
Zn,Kb3,Sum Peak (2x),19135.2
Zn,Kb1,Sum Peak (2x),19140.8
Ru,Ka2,Emission Line,19150.0
Cf,Lb3,Escape Peak (Si),19194.0
Au,La2,Sum Peak (2x),19256.0
Ru,Ka1,Emission Line,19279.0
Zn,Kb5,Sum Peak (2x),19297.6
Tc,Kb2,Escape Peak (Si),19301.7
Bk,Lb5,Emission Line,19305.0
Pd,Ka2,Escape Peak (Si),19320.0
W,Lb1,Sum Peak (2x),19344.0
Ge,Ka3,Sum Peak (2x),19376.8
Au,La1,Sum Peak (2x),19426.0
Cm,Lb1,Emission Line,19427.0
Pd,Ka1,Escape Peak (Si),19477.0
Mo,Kb3,Emission Line,19588.4
Mo,Kb1,Emission Line,19606.0
W,Lb3,Sum Peak (2x),19638.0
Cf,Lb4,Emission Line,19665.0
Cm,Lb3,Emission Line,19688.0
Re,Lb4,Sum Peak (2x),19690.0
Ge,Ka2,Sum Peak (2x),19709.8
Mo,Kb5,Emission Line,19768.9
Cf,Lb5,Emission Line,19770.0
Ge,Ka1,Sum Peak (2x),19772.0
Hg,La2,Sum Peak (2x),19798.0
Rh,Ka3,Emission Line,19808.0
Ru,Kb3,Escape Peak (Si),19933.7
Ru,Kb1,Escape Peak (Si),19955.5
Mo,Kb2,Emission Line,19962.4
Hg,La1,Sum Peak (2x),19978.0
Ag,Ka3,Escape Peak (Si),20008.0
Bk,Lb1,Emission Line,20018.0
Re,Lb1,Sum Peak (2x),20020.0
Rh,Ka2,Emission Line,20074.0
Ru,Kb5,Escape Peak (Si),20132.8
Rh,Ka1,Emission Line,20216.0
Bk,Lb3,Emission Line,20280.0
Ag,Ka2,Escape Peak (Si),20290.0
Re,Lb3,Sum Peak (2x),20320.0
Tl,La2,Sum Peak (2x),20346.0
Os,Lb4,Sum Peak (2x),20352.0
Ru,Kb2,Escape Peak (Si),20370.7
Ag,Ka1,Escape Peak (Si),20463.0
Ga,Kb3,Sum Peak (2x),20527.0
Ga,Kb1,Sum Peak (2x),20534.0
Tl,La1,Sum Peak (2x),20538.0
Tc,Kb3,Emission Line,20596.4
Cf,Lb1,Emission Line,20624.0
Tc,Kb1,Emission Line,20626.3
As,Ka3,Sum Peak (2x),20680.0
Ga,Kb5,Sum Peak (2x),20696.6
Os,Lb1,Sum Peak (2x),20708.0
Pd,Ka3,Emission Line,20746.0
Tc,Kb5,Emission Line,20786.4
Cf,Lb3,Emission Line,20894.0
Pb,La2,Sum Peak (2x),20898.0
Cd,Ka3,Escape Peak (Si),20993.0
Rh,Kb3,Escape Peak (Si),20998.7
Tc,Kb2,Emission Line,21001.7
As,Ka2,Sum Peak (2x),21015.8
Pd,Ka2,Emission Line,21020.0
Ir,Lb4,Sum Peak (2x),21020.0
Os,Lb3,Sum Peak (2x),21022.0
Rh,Kb1,Escape Peak (Si),21023.5
As,Ka1,Sum Peak (2x),21086.8
Pb,La1,Sum Peak (2x),21102.0
Pd,Ka1,Emission Line,21177.0
Rh,Kb5,Escape Peak (Si),21208.1
Cd,Ka2,Escape Peak (Si),21284.0
Ir,Lb1,Sum Peak (2x),21416.0
Bi,La2,Sum Peak (2x),21462.0
Rh,Kb2,Escape Peak (Si),21469.5
Cd,Ka1,Escape Peak (Si),21473.0
Rh,Kb4,Escape Peak (Si),21518.0
Ru,Kb3,Emission Line,21633.7
Ru,Kb1,Emission Line,21655.5
Bi,La1,Sum Peak (2x),21678.0
Pt,Lb4,Sum Peak (2x),21706.0
Ag,Ka3,Emission Line,21708.0
Ir,Lb3,Sum Peak (2x),21736.0
Ru,Kb5,Emission Line,21832.8
Ge,Kb3,Sum Peak (2x),21956.2
Ge,Kb1,Sum Peak (2x),21964.4
Ag,Ka2,Emission Line,21990.0
In,Ka3,Escape Peak (Si),22002.0
Se,Ka3,Sum Peak (2x),22012.0
Po,La2,Sum Peak (2x),22032.0
Ru,Kb2,Emission Line,22070.7
Pd,Kb3,Escape Peak (Si),22090.1
Pd,Kb1,Escape Peak (Si),22117.7
Pt,Lb1,Sum Peak (2x),22142.0
Ge,Kb5,Sum Peak (2x),22146.4
Ag,Ka1,Emission Line,22163.0
Po,La1,Sum Peak (2x),22262.0
In,Ka2,Escape Peak (Si),22302.0
Pd,Kb5,Escape Peak (Si),22309.5
Se,Ka2,Sum Peak (2x),22367.4
Au,Lb4,Sum Peak (2x),22410.0
Se,Ka1,Sum Peak (2x),22448.2
Pt,Lb3,Sum Peak (2x),22470.0
In,Ka1,Escape Peak (Si),22510.0
Pd,Kb2,Escape Peak (Si),22594.3
At,La2,Sum Peak (2x),22610.0
Pd,Kb4,Escape Peak (Si),22648.0
Cd,Ka3,Emission Line,22693.0
Rh,Kb3,Emission Line,22698.7
Rh,Kb1,Emission Line,22723.5
At,La1,Sum Peak (2x),22854.0
Au,Lb1,Sum Peak (2x),22886.0
Rh,Kb5,Emission Line,22908.1
Cd,Ka2,Emission Line,22984.0
Sn,Ka3,Escape Peak (Si),23035.0
Hg,Lb4,Sum Peak (2x),23120.0
Rh,Kb2,Emission Line,23169.5
Cd,Ka1,Emission Line,23173.0
Rn,La2,Sum Peak (2x),23194.0
Ag,Kb3,Escape Peak (Si),23210.2
Rh,Kb4,Emission Line,23218.0
Au,Lb3,Sum Peak (2x),23220.0
Ag,Kb1,Escape Peak (Si),23241.0
Sn,Ka2,Escape Peak (Si),23344.0
Br,Ka3,Sum Peak (2x),23384.0
Ag,Kb5,Escape Peak (Si),23440.0
As,Kb3,Sum Peak (2x),23441.6
As,Kb1,Sum Peak (2x),23451.6
Rn,La1,Sum Peak (2x),23454.0
Sn,Ka1,Escape Peak (Si),23571.0
Hg,Lb1,Sum Peak (2x),23648.0
As,Kb5,Sum Peak (2x),23650.6
In,Ka3,Emission Line,23702.0
As,Kb2,Sum Peak (2x),23728.0
Ag,Kb2,Escape Peak (Si),23750.3
Br,Ka2,Sum Peak (2x),23756.0
Fr,La2,Sum Peak (2x),23790.0
Pd,Kb3,Emission Line,23790.1
Ag,Kb4,Escape Peak (Si),23810.0
Pd,Kb1,Emission Line,23817.7
Au,Lb5,Sum Peak (2x),23828.0
Br,Ka1,Sum Peak (2x),23848.0
Tl,Lb4,Sum Peak (2x),23862.0
Hg,Lb3,Sum Peak (2x),23984.0
In,Ka2,Emission Line,24002.0
Pd,Kb5,Emission Line,24009.5
Fr,La1,Sum Peak (2x),24062.0
Sb,Ka3,Escape Peak (Si),24093.0
In,Ka1,Emission Line,24210.0
Pd,Kb2,Emission Line,24294.3
Pd,Kb4,Emission Line,24348.0
Cd,Kb3,Escape Peak (Si),24358.4
Ra,La2,Sum Peak (2x),24392.0
Cd,Kb1,Escape Peak (Si),24392.6
Sb,Ka2,Escape Peak (Si),24411.0
Tl,Lb1,Sum Peak (2x),24426.0
Hg,Lb5,Sum Peak (2x),24548.8
Cd,Kb5,Escape Peak (Si),24599.1
Pb,Lb4,Sum Peak (2x),24614.0
Sb,Ka1,Escape Peak (Si),24659.0
Ra,La1,Sum Peak (2x),24678.0
Sn,Ka3,Emission Line,24735.0
Tl,Lb3,Sum Peak (2x),24780.0
Kr,Ka3,Sum Peak (2x),24810.0
Ag,Kb3,Emission Line,24910.2
Ag,Kb1,Emission Line,24941.0
Cd,Kb2,Escape Peak (Si),24947.1
Se,Kb3,Sum Peak (2x),24983.0
Se,Kb1,Sum Peak (2x),24994.6
Cd,Kb4,Escape Peak (Si),24999.3
Ac,La2,Sum Peak (2x),25002.0
Sn,Ka2,Emission Line,25044.0
Ag,Kb5,Emission Line,25140.0
Te,Ka3,Escape Peak (Si),25175.0
Kr,Ka2,Sum Peak (2x),25190.2
Se,Kb5,Sum Peak (2x),25205.0
Pb,Lb1,Sum Peak (2x),25228.0
Sn,Ka1,Emission Line,25271.0
Tl,Lb5,Sum Peak (2x),25286.6
Kr,Ka1,Sum Peak (2x),25295.2
Ac,La1,Sum Peak (2x),25304.0
Se,Kb2,Sum Peak (2x),25310.0
Bi,Lb4,Sum Peak (2x),25384.0
Ag,Kb2,Emission Line,25450.3
Te,Ka2,Escape Peak (Si),25502.0
Ag,Kb4,Emission Line,25510.0
In,Kb3,Escape Peak (Si),25536.8
In,Kb1,Escape Peak (Si),25574.7
Pb,Lb3,Sum Peak (2x),25590.0
Th,La2,Sum Peak (2x),25618.0
Te,Ka1,Escape Peak (Si),25773.0
In,Kb5,Escape Peak (Si),25788.6
Sb,Ka3,Emission Line,25793.0
Th,La1,Sum Peak (2x),25936.0
Pb,Lb5,Sum Peak (2x),26028.6
Bi,Lb1,Sum Peak (2x),26046.0
Cd,Kb3,Emission Line,26058.4
Cd,Kb1,Emission Line,26092.6
Sb,Ka2,Emission Line,26111.0
In,Kb2,Escape Peak (Si),26166.5
Po,Lb4,Sum Peak (2x),26170.0
In,Kb4,Escape Peak (Si),26222.3
Pa,La2,Sum Peak (2x),26244.0
Rb,Ka3,Sum Peak (2x),26270.0
I,Ka3,Escape Peak (Si),26281.0
Cd,Kb5,Emission Line,26299.1
Sb,Ka1,Emission Line,26359.0
Bi,Lb3,Sum Peak (2x),26422.0
Br,Kb3,Sum Peak (2x),26570.0
Pa,La1,Sum Peak (2x),26582.0
Br,Kb1,Sum Peak (2x),26584.0
I,Ka2,Escape Peak (Si),26617.0
Cd,Kb2,Emission Line,26647.1
Rb,Ka2,Sum Peak (2x),26672.0
Cd,Kb4,Emission Line,26699.3
Sn,Kb3,Escape Peak (Si),26743.5
Bi,Lb5,Sum Peak (2x),26784.2
Sn,Kb1,Escape Peak (Si),26785.4
Rb,Ka1,Sum Peak (2x),26792.0
Br,Kb5,Sum Peak (2x),26808.0
Te,Ka3,Emission Line,26875.0
U,La2,Sum Peak (2x),26876.0
Po,Lb1,Sum Peak (2x),26892.0
I,Ka1,Escape Peak (Si),26912.0
Br,Kb2,Sum Peak (2x),26942.0
At,Lb4,Sum Peak (2x),26970.0
Sn,Kb5,Escape Peak (Si),27006.8
Te,Ka2,Emission Line,27202.0
U,La1,Sum Peak (2x),27228.0
In,Kb3,Emission Line,27236.8
Po,Lb3,Sum Peak (2x),27274.0
In,Kb1,Emission Line,27274.7
Xe,Ka3,Escape Peak (Si),27408.0
Sn,Kb2,Escape Peak (Si),27416.4
Te,Ka1,Emission Line,27473.0
Sn,Kb4,Escape Peak (Si),27475.1
In,Kb5,Emission Line,27488.6
Np,La2,Sum Peak (2x),27522.0
Po,Lb5,Sum Peak (2x),27566.0
At,Lb1,Sum Peak (2x),27752.0
Xe,Ka2,Escape Peak (Si),27754.0
Sr,Ka3,Sum Peak (2x),27778.0
Rn,Lb4,Sum Peak (2x),27780.0
In,Kb2,Emission Line,27866.5
Np,La1,Sum Peak (2x),27892.0
In,Kb4,Emission Line,27922.3
Sb,Kb3,Escape Peak (Si),27978.3
I,Ka3,Emission Line,27981.0
Sb,Kb1,Escape Peak (Si),28024.6
Xe,Ka1,Escape Peak (Si),28075.0
At,Lb3,Sum Peak (2x),28134.0
Pu,La2,Sum Peak (2x),28174.0
Sr,Ka2,Sum Peak (2x),28196.0
Kr,Kb3,Sum Peak (2x),28207.6
Kr,Kb1,Sum Peak (2x),28223.2
Sb,Kb5,Escape Peak (Si),28253.5
I,Ka2,Emission Line,28317.0
Sr,Ka1,Sum Peak (2x),28330.0
At,Lb5,Sum Peak (2x),28348.0
Sn,Kb3,Emission Line,28443.5
Kr,Kb5,Sum Peak (2x),28462.0
Sn,Kb1,Emission Line,28485.4
Pu,La1,Sum Peak (2x),28564.0
Cs,Ka3,Escape Peak (Si),28571.0
I,Ka1,Emission Line,28612.0
Kr,Kb2,Sum Peak (2x),28623.8
Fr,Lb4,Sum Peak (2x),28624.0
Rn,Lb1,Sum Peak (2x),28630.0
Sb,Kb2,Escape Peak (Si),28695.4
Sn,Kb5,Emission Line,28706.8
Sb,Kb4,Escape Peak (Si),28757.7
Am,La2,Sum Peak (2x),28828.0
Cs,Ka2,Escape Peak (Si),28926.0
Rn,Lb3,Sum Peak (2x),29022.0
Xe,Ka3,Emission Line,29108.0
Sn,Kb2,Emission Line,29116.4
Rn,Lb5,Sum Peak (2x),29142.0
Sn,Kb4,Emission Line,29175.1
Am,La1,Sum Peak (2x),29240.0
Te,Kb3,Escape Peak (Si),29243.2
Cs,Ka1,Escape Peak (Si),29273.0
Te,Kb1,Escape Peak (Si),29293.2
Y,Ka3,Sum Peak (2x),29330.0
Xe,Ka2,Emission Line,29454.0
Cm,La2,Sum Peak (2x),29492.0
Ra,Lb4,Sum Peak (2x),29494.0
Te,Kb5,Escape Peak (Si),29530.6
Fr,Lb1,Sum Peak (2x),29542.0
Sb,Kb3,Emission Line,29678.3
Sb,Kb1,Emission Line,29724.6
Ba,Ka3,Escape Peak (Si),29752.0
Y,Ka2,Sum Peak (2x),29764.0
Xe,Ka1,Emission Line,29775.0
Rb,Kb3,Sum Peak (2x),29902.6
Y,Ka1,Sum Peak (2x),29916.0
Rb,Kb1,Sum Peak (2x),29921.8
Cm,La1,Sum Peak (2x),29922.0
Fr,Lb5,Sum Peak (2x),29946.0
Fr,Lb3,Sum Peak (2x),29952.0
Sb,Kb5,Emission Line,29953.5
Te,Kb2,Escape Peak (Si),30010.7
Te,Kb4,Escape Peak (Si),30072.1
Ba,Ka2,Escape Peak (Si),30117.0
Bk,La2,Sum Peak (2x),30164.0
Rb,Kb5,Sum Peak (2x),30174.0
Cs,Ka3,Emission Line,30271.0
Rb,Kb2,Sum Peak (2x),30367.4
Ac,Lb4,Sum Peak (2x),30368.0
Sb,Kb2,Emission Line,30395.4
Sb,Kb4,Emission Line,30457.7
Ra,Lb1,Sum Peak (2x),30472.0
Ba,Ka1,Escape Peak (Si),30494.0
I,Kb3,Escape Peak (Si),30538.0
I,Kb1,Escape Peak (Si),30594.0
Bk,La1,Sum Peak (2x),30616.0
Cs,Ka2,Emission Line,30626.0
Ra,Lb5,Sum Peak (2x),30752.0
I,Kb5,Escape Peak (Si),30838.2
Cf,La2,Sum Peak (2x),30846.0
Ra,Lb3,Sum Peak (2x),30890.0
Zr,Ka3,Sum Peak (2x),30932.0
Te,Kb3,Emission Line,30943.2
La,Ka3,Escape Peak (Si),30959.0
Cs,Ka1,Emission Line,30973.0
Te,Kb1,Emission Line,30993.2
Te,Kb5,Emission Line,31230.6
Th,Lb4,Sum Peak (2x),31284.0
Cf,La1,Sum Peak (2x),31320.0
La,Ka2,Escape Peak (Si),31334.0
I,Kb2,Escape Peak (Si),31346.0
Zr,Ka2,Sum Peak (2x),31382.0
I,Kb4,Escape Peak (Si),31418.4
Ac,Lb1,Sum Peak (2x),31426.0
Ba,Ka3,Emission Line,31452.0
Zr,Ka1,Sum Peak (2x),31550.0
Ac,Lb5,Sum Peak (2x),31582.0
Sr,Kb3,Sum Peak (2x),31649.4
Sr,Kb1,Sum Peak (2x),31670.0
Te,Kb2,Emission Line,31710.7
La,Ka1,Escape Peak (Si),31742.0
Te,Kb4,Emission Line,31772.1
Ba,Ka2,Emission Line,31817.0
Xe,Kb3,Escape Peak (Si),31858.9
Ac,Lb3,Sum Peak (2x),31862.0
Xe,Kb1,Escape Peak (Si),31920.4
Sr,Kb5,Sum Peak (2x),31938.0
Sr,Kb2,Sum Peak (2x),32166.8
Xe,Kb5,Escape Peak (Si),32172.0
Ba,Ka1,Emission Line,32194.0
Ce,Ka3,Escape Peak (Si),32195.0
Pa,Lb4,Sum Peak (2x),32208.0
I,Kb3,Emission Line,32238.0
I,Kb1,Emission Line,32294.0
Th,Lb1,Sum Peak (2x),32404.0
Th,Lb5,Sum Peak (2x),32415.0
I,Kb5,Emission Line,32538.2
Nb,Ka3,Sum Peak (2x),32576.0
Ce,Ka2,Escape Peak (Si),32579.0
La,Ka3,Emission Line,32659.0
Xe,Kb2,Escape Peak (Si),32714.300000000003
Xe,Kb4,Escape Peak (Si),32791.5
Th,Lb3,Sum Peak (2x),32852.0
Ce,Ka1,Escape Peak (Si),33020.0
La,Ka2,Emission Line,33034.0
Nb,Ka2,Sum Peak (2x),33042.0
I,Kb2,Emission Line,33046.0
I,Kb4,Emission Line,33118.4
U,Lb4,Sum Peak (2x),33150.0
Cs,Kb3,Escape Peak (Si),33214.0
Nb,Ka1,Sum Peak (2x),33230.0
Pa,Lb5,Sum Peak (2x),33278.0
Cs,Kb1,Escape Peak (Si),33282.0
Pa,Lb1,Sum Peak (2x),33406.0
La,Ka1,Emission Line,33442.0
Y,Kb3,Sum Peak (2x),33454.8
Pr,Ka3,Escape Peak (Si),33456.0
Y,Kb1,Sum Peak (2x),33478.4
Cs,Kb5,Escape Peak (Si),33544.5
Xe,Kb3,Emission Line,33558.9
Xe,Kb1,Emission Line,33620.4
Y,Kb5,Sum Peak (2x),33760.6
Pr,Ka2,Escape Peak (Si),33851.0
Pa,Lb3,Sum Peak (2x),33862.0
Xe,Kb5,Emission Line,33872.0
Ce,Ka3,Emission Line,33895.0
Y,Kb2,Sum Peak (2x),34027.2
Cs,Kb2,Escape Peak (Si),34112.6
Np,Lb4,Sum Peak (2x),34122.0
U,Lb5,Sum Peak (2x),34126.4
Cs,Kb4,Escape Peak (Si),34205.2
Mo,Ka3,Sum Peak (2x),34268.0
Ce,Ka2,Emission Line,34279.0
Pr,Ka1,Escape Peak (Si),34327.0
Xe,Kb2,Emission Line,34414.3
U,Lb1,Sum Peak (2x),34440.0
Xe,Kb4,Emission Line,34491.5
Ba,Kb3,Escape Peak (Si),34604.0
Ba,Kb1,Escape Peak (Si),34678.0
Ce,Ka1,Emission Line,34720.0
Nd,Ka3,Escape Peak (Si),34743.0
Mo,Ka2,Sum Peak (2x),34750.0
U,Lb3,Sum Peak (2x),34908.0
Cs,Kb3,Emission Line,34914.0
Ba,Kb5,Escape Peak (Si),34945.3
Mo,Ka1,Sum Peak (2x),34960.0
Cs,Kb1,Emission Line,34982.0
Np,Lb5,Sum Peak (2x),35002.0
Pu,Lb4,Sum Peak (2x),35114.0
Nd,Ka2,Escape Peak (Si),35147.0
Pr,Ka3,Emission Line,35156.0
Cs,Kb5,Emission Line,35244.5
Zr,Kb3,Sum Peak (2x),35309.0
Zr,Kb1,Sum Peak (2x),35336.4
Np,Lb1,Sum Peak (2x),35502.0
Ba,Kb2,Escape Peak (Si),35549.0
Pr,Ka2,Emission Line,35551.0
Zr,Kb5,Sum Peak (2x),35633.8
Ba,Kb4,Escape Peak (Si),35648.4
Nd,Ka1,Escape Peak (Si),35661.0
Cs,Kb2,Emission Line,35812.6
Pu,Lb5,Sum Peak (2x),35888.0
Cs,Kb4,Emission Line,35905.2
Zr,Kb2,Sum Peak (2x),35939.0
Np,Lb3,Sum Peak (2x),35984.0
Tc,Ka3,Sum Peak (2x),36002.0
La,Kb3,Escape Peak (Si),36016.0
Pr,Ka1,Emission Line,36027.0
Pm,Ka3,Escape Peak (Si),36056.0
La,Kb1,Escape Peak (Si),36097.0
Am,Lb4,Sum Peak (2x),36138.0
Ba,Kb3,Emission Line,36304.0
La,Kb5,Escape Peak (Si),36372.0
Ba,Kb1,Emission Line,36378.0
Nd,Ka3,Emission Line,36443.0
Pm,Ka2,Escape Peak (Si),36471.0
Tc,Ka2,Sum Peak (2x),36502.0
Pu,Lb1,Sum Peak (2x),36592.0
Ba,Kb5,Emission Line,36645.3
Tc,Ka1,Sum Peak (2x),36734.0
Am,Lb5,Sum Peak (2x),36788.0
Nd,Ka2,Emission Line,36847.0
La,Kb2,Escape Peak (Si),37019.2
Pm,Ka1,Escape Peak (Si),37025.0
Pu,Lb3,Sum Peak (2x),37082.0
La,Kb4,Escape Peak (Si),37119.7
Cm,Lb4,Sum Peak (2x),37178.0
Nb,Kb3,Sum Peak (2x),37219.8
Ba,Kb2,Emission Line,37249.0
Nb,Kb1,Sum Peak (2x),37250.8
Ba,Kb4,Emission Line,37348.4
Nd,Ka1,Emission Line,37361.0
Sm,Ka3,Escape Peak (Si),37397.0
Ce,Kb3,Escape Peak (Si),37469.0
Ce,Kb1,Escape Peak (Si),37556.0
Nb,Kb5,Sum Peak (2x),37562.0
Cm,Lb5,Sum Peak (2x),37692.0
Am,Lb1,Sum Peak (2x),37712.0
La,Kb3,Emission Line,37716.0
Pm,Ka3,Emission Line,37756.0
Ru,Ka3,Sum Peak (2x),37786.0
La,Kb1,Emission Line,37797.0
Sm,Ka2,Escape Peak (Si),37822.0
Ce,Kb5,Escape Peak (Si),37840.6
Nb,Kb2,Sum Peak (2x),37906.8
La,Kb5,Emission Line,38072.0
Pm,Ka2,Emission Line,38171.0
Am,Lb3,Sum Peak (2x),38220.0
Bk,Lb4,Sum Peak (2x),38236.0
Ru,Ka2,Sum Peak (2x),38300.0
Sm,Ka1,Escape Peak (Si),38418.0
Ce,Kb2,Escape Peak (Si),38519.8
Ru,Ka1,Sum Peak (2x),38558.0
Bk,Lb5,Sum Peak (2x),38610.0
Ce,Kb4,Escape Peak (Si),38634.0
La,Kb2,Emission Line,38719.2
Pm,Ka1,Emission Line,38725.0
Eu,Ka3,Escape Peak (Si),38767.0
La,Kb4,Emission Line,38819.7
Cm,Lb1,Sum Peak (2x),38854.0
Pr,Kb3,Escape Peak (Si),38954.0
Pr,Kb1,Escape Peak (Si),39049.0
Sm,Ka3,Emission Line,39097.0
Ce,Kb3,Emission Line,39169.0
Mo,Kb3,Sum Peak (2x),39176.8
Eu,Ka2,Escape Peak (Si),39202.0
Mo,Kb1,Sum Peak (2x),39212.0
Ce,Kb1,Emission Line,39256.0
Cf,Lb4,Sum Peak (2x),39330.0
Pr,Kb5,Escape Peak (Si),39342.7
Cm,Lb3,Sum Peak (2x),39376.0
Sm,Ka2,Emission Line,39522.0
Mo,Kb5,Sum Peak (2x),39537.8
Cf,Lb5,Sum Peak (2x),39540.0
Ce,Kb5,Emission Line,39540.6
Rh,Ka3,Sum Peak (2x),39616.0
Eu,Ka1,Escape Peak (Si),39842.0
Mo,Kb2,Sum Peak (2x),39924.8
Bk,Lb1,Sum Peak (2x),40036.0
Pr,Kb2,Escape Peak (Si),40054.7
Sm,Ka1,Emission Line,40118.0
Rh,Ka2,Sum Peak (2x),40148.0
Gd,Ka3,Escape Peak (Si),40163.0
Pr,Kb4,Escape Peak (Si),40175.9
Ce,Kb2,Emission Line,40219.8
Ce,Kb4,Emission Line,40334.0
Rh,Ka1,Sum Peak (2x),40432.0
Nd,Kb3,Escape Peak (Si),40466.0
Eu,Ka3,Emission Line,40467.0
Bk,Lb3,Sum Peak (2x),40560.0
Nd,Kb1,Escape Peak (Si),40572.0
Gd,Ka2,Escape Peak (Si),40609.0
Pr,Kb3,Emission Line,40654.0
Pr,Kb1,Emission Line,40749.0
Nd,Kb5,Escape Peak (Si),40865.7
Eu,Ka2,Emission Line,40902.0
Pr,Kb5,Emission Line,41042.7
Tc,Kb3,Sum Peak (2x),41192.8
Cf,Lb1,Sum Peak (2x),41248.0
Tc,Kb1,Sum Peak (2x),41252.6
Gd,Ka1,Escape Peak (Si),41296.0
Pd,Ka3,Sum Peak (2x),41492.0
Eu,Ka1,Emission Line,41542.0
Tc,Kb5,Sum Peak (2x),41572.8
Tb,Ka3,Escape Peak (Si),41588.0
Nd,Kb2,Escape Peak (Si),41625.7
Nd,Kb4,Escape Peak (Si),41748.5
Pr,Kb2,Emission Line,41754.7
Cf,Lb3,Sum Peak (2x),41788.0
Gd,Ka3,Emission Line,41863.0
Pr,Kb4,Emission Line,41875.9
Tc,Kb2,Sum Peak (2x),42003.4
Pm,Kb3,Escape Peak (Si),42012.6
Pd,Ka2,Sum Peak (2x),42040.0
Tb,Ka2,Escape Peak (Si),42044.0
Pm,Kb1,Escape Peak (Si),42127.0
Nd,Kb3,Emission Line,42166.0
Nd,Kb1,Emission Line,42272.0
Gd,Ka2,Emission Line,42309.0
Pd,Ka1,Sum Peak (2x),42354.0
Pm,Kb5,Escape Peak (Si),42432.0
Nd,Kb5,Emission Line,42565.7
Tb,Ka1,Escape Peak (Si),42782.0
Gd,Ka1,Emission Line,42996.0
Dy,Ka3,Escape Peak (Si),43043.0
Pm,Kb2,Escape Peak (Si),43242.0
Ru,Kb3,Sum Peak (2x),43267.4
Tb,Ka3,Emission Line,43288.0
Ru,Kb1,Sum Peak (2x),43311.0
Nd,Kb2,Emission Line,43325.7
Pm,Kb4,Escape Peak (Si),43364.0
Ag,Ka3,Sum Peak (2x),43416.0
Nd,Kb4,Emission Line,43448.5
Dy,Ka2,Escape Peak (Si),43508.0
Sm,Kb3,Escape Peak (Si),43593.0
Ru,Kb5,Sum Peak (2x),43665.6
Pm,Kb3,Emission Line,43712.6
Sm,Kb1,Escape Peak (Si),43714.2
Tb,Ka2,Emission Line,43744.0
Pm,Kb1,Emission Line,43827.0
Ag,Ka2,Sum Peak (2x),43980.0
Sm,Kb5,Escape Peak (Si),44023.1
Pm,Kb5,Emission Line,44132.0
Ru,Kb2,Sum Peak (2x),44141.4
Dy,Ka1,Escape Peak (Si),44299.0
Ag,Ka1,Sum Peak (2x),44326.0
Tb,Ka1,Emission Line,44482.0
Ho,Ka3,Escape Peak (Si),44524.0
Dy,Ka3,Emission Line,44743.0
Sm,Kb2,Escape Peak (Si),44868.4
Pm,Kb2,Emission Line,44942.0
Ho,Ka2,Escape Peak (Si),45000.0
Sm,Kb4,Escape Peak (Si),45005.0
Pm,Kb4,Emission Line,45064.0
Eu,Kb3,Escape Peak (Si),45205.0
Dy,Ka2,Emission Line,45208.0
Sm,Kb3,Emission Line,45293.0
Eu,Kb1,Escape Peak (Si),45338.0
Cd,Ka3,Sum Peak (2x),45386.0
Rh,Kb3,Sum Peak (2x),45397.4
Sm,Kb1,Emission Line,45414.2
Rh,Kb1,Sum Peak (2x),45447.0
Eu,Kb5,Escape Peak (Si),45660.4
Sm,Kb5,Emission Line,45723.1
Rh,Kb5,Sum Peak (2x),45816.2
Ho,Ka1,Escape Peak (Si),45847.0
Cd,Ka2,Sum Peak (2x),45968.0
Dy,Ka1,Emission Line,45999.0
Er,Ka3,Escape Peak (Si),46035.0
Ho,Ka3,Emission Line,46224.0
Rh,Kb2,Sum Peak (2x),46339.0
Cd,Ka1,Sum Peak (2x),46346.0
Rh,Kb4,Sum Peak (2x),46436.0
Er,Ka2,Escape Peak (Si),46522.0
Eu,Kb2,Escape Peak (Si),46535.0
Sm,Kb2,Emission Line,46568.4
Eu,Kb4,Escape Peak (Si),46686.0
Ho,Ka2,Emission Line,46700.0
Sm,Kb4,Emission Line,46705.0
Gd,Kb3,Escape Peak (Si),46851.0
Eu,Kb3,Emission Line,46905.0
Gd,Kb1,Escape Peak (Si),46995.0
Eu,Kb1,Emission Line,47038.0
Gd,Kb5,Escape Peak (Si),47317.1
Eu,Kb5,Emission Line,47360.4
In,Ka3,Sum Peak (2x),47404.0
Er,Ka1,Escape Peak (Si),47428.0
Ho,Ka1,Emission Line,47547.0
Tm,Ka3,Escape Peak (Si),47574.0
Pd,Kb3,Sum Peak (2x),47580.2
Pd,Kb1,Sum Peak (2x),47635.4
Er,Ka3,Emission Line,47735.0
In,Ka2,Sum Peak (2x),48004.0
Pd,Kb5,Sum Peak (2x),48019.0
Tm,Ka2,Escape Peak (Si),48073.0
Er,Ka2,Emission Line,48222.0
Eu,Kb2,Emission Line,48235.0
Gd,Kb2,Escape Peak (Si),48253.0
Eu,Kb4,Emission Line,48386.0
In,Ka1,Sum Peak (2x),48420.0
Gd,Kb3,Emission Line,48551.0
Pd,Kb2,Sum Peak (2x),48588.6
Gd,Kb1,Emission Line,48695.0
Pd,Kb4,Sum Peak (2x),48696.0
Gd,Kb5,Emission Line,49017.1
Er,Ka1,Emission Line,49128.0
Tm,Ka3,Emission Line,49274.0
Sn,Ka3,Sum Peak (2x),49470.0
Tm,Ka2,Emission Line,49773.0
Ag,Kb3,Sum Peak (2x),49820.4
Ag,Kb1,Sum Peak (2x),49882.0
Gd,Kb2,Emission Line,49953.0
