,Element,Line,Type,Energy
233,Zn,Mz,Emission Line,9.2
249,Ga,Mz,Emission Line,16.7
266,Ge,Mz,Emission Line,26.8
284,As,Mz,Emission Line,38.7
33,Mg,Ll,Emission Line,47.21
32,Mg,Ln,Emission Line,47.6
0,Li,Ka3,Emission Line,49.4
302,Se,Mz,Emission Line,52.5
320,Br,Mz,Emission Line,67.0
42,Al,Ll,Emission Line,68.5
41,Al,Ln,Emission Line,68.9
338,Kr,Mz,Emission Line,80.9
31,Mg,Lb3,Emission Line,87.6
30,Mg,Lb4,Emission Line,87.6
51,Si,Ll,Emission Line,91.2
50,Si,Ln,Emission Line,91.8
356,Rb,Mz,Emission Line,96.7
1,Be,Ka3,Emission Line,103.5
2,Be,Ka2,Emission Line,108.5
3,Be,Ka1,Emission Line,108.5
374,Sr,Mz,Emission Line,114.4
39,Al,Lb4,Emission Line,115.8
40,Al,Lb3,Emission Line,115.8
60,P,Ll,Emission Line,123.0
59,P,Ln,Emission Line,124.0
392,Y,Mz,Emission Line,133.3
49,Si,Lb3,Emission Line,147.7
48,Si,Lb4,Emission Line,147.7
69,S,Ll,Emission Line,148.5
68,S,Ln,Emission Line,149.6
410,Zr,Mz,Emission Line,152.6
428,Nb,Mz,Emission Line,172.4
4,B,Ka3,Emission Line,175.4
78,Cl,Ll,Emission Line,182.0
57,P,Lb4,Emission Line,182.0
58,P,Lb3,Emission Line,183.0
5,B,Ka2,Emission Line,183.3
6,B,Ka1,Emission Line,183.3
77,Cl,Ln,Emission Line,184.0
446,Mo,Mz,Emission Line,193.5
464,Tc,Mz,Emission Line,215.3
87,Ar,Ll,Emission Line,219.1
86,Ar,Ln,Emission Line,221.3
66,S,Lb4,Emission Line,222.9
67,S,Lb3,Emission Line,223.9
482,Ru,Mz,Emission Line,237.9
96,K,Ll,Emission Line,259.8
75,Cl,Lb4,Emission Line,260.0
76,Cl,Lb3,Emission Line,260.0
504,Rh,Mz,Emission Line,261.4
95,K,Ln,Emission Line,262.5
7,C,Ka3,Emission Line,266.2
9,C,Ka1,Emission Line,277.0
8,C,Ka2,Emission Line,277.0
526,Pd,Mz,Emission Line,284.8
105,Ca,Ll,Emission Line,301.9
104,Ca,Ln,Emission Line,305.4
548,Ag,Mz,Emission Line,310.3
84,Ar,Lb4,Emission Line,310.4
85,Ar,Lb3,Emission Line,310.6
114,Sc,Ll,Emission Line,347.6
570,Cd,Mz,Emission Line,348.0
113,Sc,Ln,Emission Line,352.5
93,K,Lb4,Emission Line,360.3
94,K,Lb3,Emission Line,360.3
10,N,Ka3,Emission Line,372.6
592,In,Mz,Emission Line,377.9
11,N,Ka2,Emission Line,392.4
12,N,Ka1,Emission Line,392.4
125,Ti,Ll,Emission Line,395.1
123,Ti,Ln,Emission Line,401.5
614,Sn,Mz,Emission Line,409.6
103,Ca,Lb3,Emission Line,413.0
102,Ca,Lb4,Emission Line,413.0
636,Sb,Mz,Emission Line,441.9
138,V,Ll,Emission Line,445.8
126,Ti,La2,Emission Line,451.8
127,Ti,La1,Emission Line,451.8
136,V,Ln,Emission Line,453.5
124,Ti,Lb1,Emission Line,458.2
112,Sc,Lb3,Emission Line,469.7
111,Sc,Lb4,Emission Line,469.7
660,Te,Mz,Emission Line,480.1
503,Rh,Mg,Emission Line,494.5
151,Cr,Ll,Emission Line,500.0
13,O,Ka3,Emission Line,501.5
684,I,Mz,Emission Line,507.8
149,Cr,Ln,Emission Line,509.7
140,V,La1,Emission Line,510.1
139,V,La2,Emission Line,510.1
137,V,Lb1,Emission Line,517.8
14,O,Ka2,Emission Line,524.9
15,O,Ka1,Emission Line,524.9
638,Sb,Ma,Emission Line,528.2
121,Ti,Lb4,Emission Line,528.3
122,Ti,Lb3,Emission Line,528.3
525,Pd,Mg,Emission Line,530.3
637,Sb,Mb,Emission Line,537.5
708,Xe,Mz,Emission Line,542.3
164,Mn,Ll,Emission Line,556.4
162,Mn,Ln,Emission Line,567.6
732,Cs,Mz,Emission Line,568.1
547,Ag,Mg,Emission Line,569.0
152,Cr,La2,Emission Line,572.1
153,Cr,La1,Emission Line,572.1
662,Te,Ma,Emission Line,573.0
150,Cr,Lb1,Emission Line,581.8
661,Te,Mb,Emission Line,583.4
135,V,Lb3,Emission Line,589.5
134,V,Lb4,Emission Line,589.5
756,Ba,Mz,Emission Line,603.7
569,Cd,Mg,Emission Line,607.7
177,Fe,Ll,Emission Line,615.5
686,I,Ma,Emission Line,619.3
175,Fe,Ln,Emission Line,628.6
685,I,Mb,Emission Line,630.8
166,Mn,La1,Emission Line,636.7
165,Mn,La2,Emission Line,636.7
780,La,Mz,Emission Line,647.2
163,Mn,Lb1,Emission Line,647.9
591,In,Mg,Emission Line,648.4
16,F,Ka3,Emission Line,651.7
147,Cr,Lb4,Emission Line,653.8
148,Cr,Lb3,Emission Line,653.8
710,Xe,Ma,Emission Line,676.4
18,F,Ka1,Emission Line,676.8
17,F,Ka2,Emission Line,676.8
190,Co,Ll,Emission Line,677.1
804,Ce,Mz,Emission Line,679.2
709,Xe,Mb,Emission Line,689.0
613,Sn,Mg,Emission Line,690.7
188,Co,Ln,Emission Line,692.2
178,Fe,La2,Emission Line,704.8
179,Fe,La1,Emission Line,704.8
828,Pr,Mz,Emission Line,712.0
176,Fe,Lb1,Emission Line,717.9
160,Mn,Lb4,Emission Line,721.9
161,Mn,Lb3,Emission Line,721.9
734,Cs,Ma,Emission Line,726.6
635,Sb,Mg,Emission Line,734.3
733,Cs,Mb,Emission Line,740.5
203,Ni,Ll,Emission Line,741.9
201,Ni,Ln,Emission Line,759.2
852,Nd,Mz,Emission Line,760.0
192,Co,La1,Emission Line,775.1
191,Co,La2,Emission Line,775.1
659,Te,Mg,Emission Line,780.4
758,Ba,Ma,Emission Line,780.5
189,Co,Lb1,Emission Line,790.2
173,Fe,Lb4,Emission Line,791.9
174,Fe,Lb3,Emission Line,791.9
757,Ba,Mb,Emission Line,795.7
876,Pm,Mz,Emission Line,810.0
216,Cu,Ll,Emission Line,810.2
19,Ne,Ka3,Emission Line,821.7
683,I,Mg,Emission Line,826.1
214,Cu,Ln,Emission Line,829.8
782,La,Ma,Emission Line,836.0
900,Sm,Mz,Emission Line,845.3
20,Ne,Ka2,Emission Line,848.5
21,Ne,Ka1,Emission Line,848.6
205,Ni,La1,Emission Line,848.7
204,Ni,La2,Emission Line,848.7
781,La,Mb,Emission Line,853.0
187,Co,Lb3,Emission Line,865.2
202,Ni,Lb1,Emission Line,866.0
186,Co,Lb4,Emission Line,866.2
707,Xe,Mg,Emission Line,873.1
924,Eu,Mz,Emission Line,874.6
230,Zn,Ll,Emission Line,882.0
806,Ce,Ma,Emission Line,883.7
805,Ce,Mb,Emission Line,902.3
228,Zn,Ln,Emission Line,905.1
731,Cs,Mg,Emission Line,925.5
830,Pr,Ma,Emission Line,926.8
217,Cu,La2,Emission Line,927.7
218,Cu,La1,Emission Line,927.7
948,Gd,Mz,Emission Line,935.9
199,Ni,Lb4,Emission Line,940.6
200,Ni,Lb3,Emission Line,942.4
829,Pr,Mb,Emission Line,946.3
215,Cu,Lb1,Emission Line,947.3
972,Tb,Mz,Emission Line,954.5
246,Ga,Ll,Emission Line,956.89
755,Ba,Mg,Emission Line,973.1
854,Nd,Ma,Emission Line,978.9
244,Ga,Ln,Emission Line,983.69
996,Dy,Mz,Emission Line,999.5
853,Nd,Mb,Emission Line,1001.8
22,Na,Ka3,Emission Line,1007.3
231,Zn,La2,Emission Line,1011.6
232,Zn,La1,Emission Line,1011.7
212,Cu,Lb4,Emission Line,1019.4
213,Cu,Lb3,Emission Line,1021.6
878,Pm,Ma,Emission Line,1023.0
779,La,Mg,Emission Line,1025.5
229,Zn,Lb1,Emission Line,1034.7
262,Ge,Ll,Emission Line,1036.9
24,Na,Ka1,Emission Line,1040.3
23,Na,Ka2,Emission Line,1040.4
877,Pm,Mb,Emission Line,1048.0
1020,Ho,Mz,Emission Line,1048.5
260,Ge,Ln,Emission Line,1068.0
803,Ce,Mg,Emission Line,1078.0
902,Sm,Ma,Emission Line,1078.2
1044,Er,Mz,Emission Line,1086.8
248,Ga,La1,Emission Line,1097.7
247,Ga,La2,Emission Line,1097.7
225,Zn,Lb4,Emission Line,1104.8
901,Sm,Mb,Emission Line,1105.7
226,Zn,Lb3,Emission Line,1107.6
280,As,Ll,Emission Line,1118.9
926,Eu,Ma,Emission Line,1121.5
245,Ga,Lb1,Emission Line,1124.5
827,Pr,Mg,Emission Line,1126.9
1068,Tm,Mz,Emission Line,1129.1
925,Eu,Mb,Emission Line,1152.6
278,As,Ln,Emission Line,1154.4
851,Nd,Mg,Emission Line,1176.5
950,Gd,Ma,Emission Line,1181.0
263,Ge,La2,Emission Line,1187.2
1092,Yb,Mz,Emission Line,1187.3
264,Ge,La1,Emission Line,1187.8
227,Zn,Lg2,Emission Line,1195.2
240,Ga,Lb4,Emission Line,1195.5
241,Ga,Lb3,Emission Line,1199.0
298,Se,Ll,Emission Line,1204.3
265,Ge,Lb6,Emission Line,1212.0
949,Gd,Mb,Emission Line,1213.3
25,Mg,Ka3,Emission Line,1214.4
261,Ge,Lb1,Emission Line,1218.3
1116,Lu,Mz,Emission Line,1226.6
974,Tb,Ma,Emission Line,1233.4
875,Pm,Mg,Emission Line,1237.0
296,Se,Ln,Emission Line,1244.7
26,Mg,Ka2,Emission Line,1253.4
27,Mg,Ka1,Emission Line,1253.79
973,Tb,Mb,Emission Line,1269.2
1140,Hf,Mz,Emission Line,1277.8
282,As,La1,Emission Line,1281.9
281,As,La2,Emission Line,1281.9
998,Dy,Ma,Emission Line,1284.0
256,Ge,Lb4,Emission Line,1289.7
899,Sm,Mg,Emission Line,1290.8
316,Br,Ll,Emission Line,1293.0
257,Ge,Lb3,Emission Line,1293.8
242,Ga,Lg2,Emission Line,1297.0
243,Ga,Lg3,Emission Line,1297.0
29,Mg,Kb1,Emission Line,1302.0
28,Mg,Kb3,Emission Line,1302.0
283,As,Lb6,Emission Line,1315.6
279,As,Lb1,Emission Line,1317.4
997,Dy,Mb,Emission Line,1325.0
1164,Ta,Mz,Emission Line,1329.6
314,Br,Ln,Emission Line,1339.0
1022,Ho,Ma,Emission Line,1342.4
923,Eu,Mg,Emission Line,1353.3
299,Se,La2,Emission Line,1378.4
300,Se,La1,Emission Line,1379.3
274,As,Lb4,Emission Line,1380.8
1188,W,Mz,Emission Line,1381.6
1021,Ho,Mb,Emission Line,1383.4
334,Kr,Ll,Emission Line,1385.6
275,As,Lb3,Emission Line,1385.8
947,Gd,Mg,Emission Line,1401.4
1046,Er,Ma,Emission Line,1404.3
259,Ge,Lg3,Emission Line,1411.6
258,Ge,Lg2,Emission Line,1411.6
297,Se,Lb1,Emission Line,1418.8
301,Se,Lb6,Emission Line,1421.9
1212,Re,Mz,Emission Line,1430.3
332,Kr,Ln,Emission Line,1438.1
34,Al,Ka3,Emission Line,1441.2
1045,Er,Mb,Emission Line,1448.3
971,Tb,Mg,Emission Line,1460.5
1070,Tm,Ma,Emission Line,1463.4
352,Rb,Ll,Emission Line,1477.3
317,Br,La2,Emission Line,1480.0
318,Br,La1,Emission Line,1481.0
1236,Os,Mz,Emission Line,1481.9
292,Se,Lb4,Emission Line,1485.5
35,Al,Ka2,Emission Line,1486.1
36,Al,Ka1,Emission Line,1486.5
293,Se,Lb3,Emission Line,1491.3
1069,Tm,Mb,Emission Line,1510.4
995,Dy,Mg,Emission Line,1522.4
319,Br,Lb6,Emission Line,1523.0
276,As,Lg2,Emission Line,1524.0
277,As,Lg3,Emission Line,1524.0
1094,Yb,Ma,Emission Line,1525.5
315,Br,Lb1,Emission Line,1526.0
350,Rb,Ln,Emission Line,1537.3
1260,Ir,Mz,Emission Line,1538.2
38,Al,Kb1,Emission Line,1557.0
37,Al,Kb3,Emission Line,1557.0
1093,Yb,Mb,Emission Line,1573.5
1118,Lu,Ma,Emission Line,1580.1
1019,Ho,Mg,Emission Line,1581.0
370,Sr,Ll,Emission Line,1581.3
335,Kr,La2,Emission Line,1583.4
336,Kr,La1,Emission Line,1584.6
1284,Pt,Mz,Emission Line,1592.9
310,Br,Lb4,Emission Line,1593.0
311,Br,Lb3,Emission Line,1600.0
1117,Lu,Mb,Emission Line,1630.1
333,Kr,Lb1,Emission Line,1635.9
1043,Er,Mg,Emission Line,1644.4
1142,Hf,Ma,Emission Line,1646.1
368,Sr,Ln,Emission Line,1648.3
1310,Au,Mz,Emission Line,1648.3
295,Se,Lg3,Emission Line,1649.0
294,Se,Lg2,Emission Line,1649.0
337,Kr,Lb6,Emission Line,1650.9
388,Y,Ll,Emission Line,1688.0
43,Si,Ka3,Emission Line,1689.3
353,Rb,La2,Emission Line,1691.0
354,Rb,La1,Emission Line,1692.0
328,Kr,Lb4,Emission Line,1698.8
1141,Hf,Mb,Emission Line,1700.1
1336,Hg,Mz,Emission Line,1704.8
329,Kr,Lb3,Emission Line,1706.6
1067,Tm,Mg,Emission Line,1709.5
1166,Ta,Ma,Emission Line,1711.5
44,Si,Ka2,Emission Line,1739.2
45,Si,Ka1,Emission Line,1739.8
351,Rb,Lb1,Emission Line,1751.0
386,Y,Ln,Emission Line,1764.0
1362,Tl,Mz,Emission Line,1764.5
1091,Yb,Mg,Emission Line,1767.6
1165,Ta,Mb,Emission Line,1769.5
355,Rb,Lb6,Emission Line,1773.5
1190,W,Ma,Emission Line,1775.4
312,Br,Lg2,Emission Line,1779.0
313,Br,Lg3,Emission Line,1779.0
406,Zr,Ll,Emission Line,1792.7
371,Sr,La2,Emission Line,1804.0
372,Sr,La1,Emission Line,1805.8
346,Rb,Lb4,Emission Line,1816.3
1388,Pb,Mz,Emission Line,1824.1
347,Rb,Lb3,Emission Line,1825.9
1115,Lu,Mg,Emission Line,1827.7
47,Si,Kb1,Emission Line,1837.0
46,Si,Kb3,Emission Line,1837.0
1189,W,Mb,Emission Line,1838.4
1214,Re,Ma,Emission Line,1840.1
369,Sr,Lb1,Emission Line,1871.0
404,Zr,Ln,Emission Line,1876.7
1414,Bi,Mz,Emission Line,1882.8
1139,Hf,Mg,Emission Line,1895.5
373,Sr,Lb6,Emission Line,1901.1
424,Nb,Ll,Emission Line,1904.4
1213,Re,Mb,Emission Line,1906.1
1238,Os,Ma,Emission Line,1906.6
331,Kr,Lg3,Emission Line,1906.9
330,Kr,Lg2,Emission Line,1906.9
389,Y,La2,Emission Line,1922.3
390,Y,La1,Emission Line,1924.2
364,Sr,Lb4,Emission Line,1935.7
365,Sr,Lb3,Emission Line,1946.0
1440,Po,Mz,Emission Line,1947.0
52,P,Ka3,Emission Line,1956.5
1163,Ta,Mg,Emission Line,1967.6
1262,Ir,Ma,Emission Line,1976.2
1237,Os,Mb,Emission Line,1977.6
387,Y,Lb1,Emission Line,1998.3
422,Nb,Ln,Emission Line,1998.4
53,P,Ka2,Emission Line,2009.5
54,P,Ka1,Emission Line,2010.5
442,Mo,Ll,Emission Line,2013.7
1466,At,Mz,Emission Line,2023.0
391,Y,Lb6,Emission Line,2036.2
1187,W,Mg,Emission Line,2037.5
407,Zr,La2,Emission Line,2041.9
408,Zr,La1,Emission Line,2044.2
1286,Pt,Ma,Emission Line,2047.5
348,Rb,Lg2,Emission Line,2048.7
349,Rb,Lg3,Emission Line,2049.7
1261,Ir,Mb,Emission Line,2052.2
382,Y,Lb4,Emission Line,2062.4
383,Y,Lb3,Emission Line,2074.2
1492,Rn,Mz,Emission Line,2093.0
1211,Re,Mg,Emission Line,2106.5
1312,Au,Ma,Emission Line,2118.4
440,Mo,Ln,Emission Line,2118.7
405,Zr,Lb1,Emission Line,2125.9
1285,Pt,Mb,Emission Line,2127.5
460,Tc,Ll,Emission Line,2133.0
55,P,Kb3,Emission Line,2138.5
56,P,Kb1,Emission Line,2139.5
1518,Fr,Mz,Emission Line,2156.0
425,Nb,La2,Emission Line,2166.0
426,Nb,La1,Emission Line,2168.7
409,Zr,Lb6,Emission Line,2172.4
1235,Os,Mg,Emission Line,2178.5
400,Zr,Lb4,Emission Line,2188.5
1544,Ra,Mz,Emission Line,2190.0
1338,Hg,Ma,Emission Line,2191.0
366,Sr,Lg2,Emission Line,2194.4
367,Sr,Lg3,Emission Line,2195.9
401,Zr,Lb3,Emission Line,2202.2
1311,Au,Mb,Emission Line,2203.4
61,S,Ka3,Emission Line,2241.1
458,Tc,Ln,Emission Line,2249.0
478,Ru,Ll,Emission Line,2251.9
1259,Ir,Mg,Emission Line,2254.7
423,Nb,Lb1,Emission Line,2260.0
1364,Tl,Ma,Emission Line,2266.8
1337,Hg,Mb,Emission Line,2281.0
443,Mo,La2,Emission Line,2288.9
1570,Ac,Mz,Emission Line,2290.0
444,Mo,La1,Emission Line,2292.1
62,S,Ka2,Emission Line,2308.4
63,S,Ka1,Emission Line,2309.5
427,Nb,Lb6,Emission Line,2314.6
418,Nb,Lb4,Emission Line,2321.9
1596,Th,Mz,Emission Line,2323.0
1283,Pt,Mg,Emission Line,2330.4
419,Nb,Lb3,Emission Line,2337.4
1390,Pb,Ma,Emission Line,2342.3
384,Y,Lg2,Emission Line,2348.6
385,Y,Lg3,Emission Line,2349.9
1363,Tl,Mb,Emission Line,2362.8
498,Rh,Ll,Emission Line,2375.9
476,Ru,Ln,Emission Line,2380.9
1622,Pa,Mz,Emission Line,2387.0
441,Mo,Lb1,Emission Line,2393.9
1309,Au,Mg,Emission Line,2407.9
1416,Bi,Ma,Emission Line,2417.7
461,Tc,La2,Emission Line,2419.4
462,Tc,La1,Emission Line,2423.1
1389,Pb,Mb,Emission Line,2444.3
436,Mo,Lb4,Emission Line,2454.4
445,Mo,Lb6,Emission Line,2456.8
1648,U,Mz,Emission Line,2457.0
64,S,Kb3,Emission Line,2464.0
65,S,Kb1,Emission Line,2465.0
437,Mo,Lb3,Emission Line,2472.0
1335,Hg,Mg,Emission Line,2488.2
1442,Po,Ma,Emission Line,2499.0
520,Pd,Ll,Emission Line,2501.4
402,Zr,Lg2,Emission Line,2503.5
403,Zr,Lg3,Emission Line,2504.9
495,Rh,Ln,Emission Line,2517.9
1674,Np,Mz,Emission Line,2521.0
1415,Bi,Mb,Emission Line,2525.7
459,Tc,Lb1,Emission Line,2535.4
70,Cl,Ka3,Emission Line,2552.0
479,Ru,La2,Emission Line,2553.8
480,Ru,La1,Emission Line,2558.0
1361,Tl,Mg,Emission Line,2572.0
1468,At,Ma,Emission Line,2577.0
1700,Pu,Mz,Emission Line,2590.0
454,Tc,Lb4,Emission Line,2595.4
463,Tc,Lb6,Emission Line,2607.5
1441,Po,Mb,Emission Line,2614.0
71,Cl,Ka2,Emission Line,2620.0
72,Cl,Ka1,Emission Line,2622.0
455,Tc,Lb3,Emission Line,2625.3
542,Ag,Ll,Emission Line,2632.0
1387,Pb,Mg,Emission Line,2653.8
1494,Rn,Ma,Emission Line,2654.0
1726,Am,Mz,Emission Line,2658.0
517,Pd,Ln,Emission Line,2658.4
420,Nb,Lg2,Emission Line,2665.4
421,Nb,Lg3,Emission Line,2667.2
477,Ru,Lb1,Emission Line,2682.8
499,Rh,La2,Emission Line,2692.1
500,Rh,La1,Emission Line,2696.8
1467,At,Mb,Emission Line,2699.0
1752,Cm,Mz,Emission Line,2726.0
1520,Fr,Ma,Emission Line,2732.0
1413,Bi,Mg,Emission Line,2736.9
472,Ru,Lb4,Emission Line,2740.7
473,Ru,Lb3,Emission Line,2762.5
481,Ru,Lb6,Emission Line,2763.0
564,Cd,Ll,Emission Line,2766.0
1493,Rn,Mb,Emission Line,2784.0
1778,Bk,Mz,Emission Line,2795.0
539,Ag,Ln,Emission Line,2805.0
1546,Ra,Ma,Emission Line,2806.0
74,Cl,Kb1,Emission Line,2812.0
73,Cl,Kb3,Emission Line,2812.0
438,Mo,Lg2,Emission Line,2828.4
1439,Po,Mg,Emission Line,2829.0
439,Mo,Lg3,Emission Line,2830.5
521,Pd,La2,Emission Line,2832.5
496,Rh,Lb1,Emission Line,2834.1
522,Pd,La1,Emission Line,2837.8
1804,Cf,Mz,Emission Line,2864.0
1519,Fr,Mb,Emission Line,2868.0
79,Ar,Ka3,Emission Line,2879.6
491,Rh,Lb4,Emission Line,2890.7
1572,Ac,Ma,Emission Line,2900.0
586,In,Ll,Emission Line,2902.8
492,Rh,Lb3,Emission Line,2915.5
1465,At,Mg,Emission Line,2919.0
501,Rh,Lb6,Emission Line,2922.6
1545,Ra,Mb,Emission Line,2949.0
561,Cd,Ln,Emission Line,2955.0
80,Ar,Ka2,Emission Line,2955.3
81,Ar,Ka1,Emission Line,2957.5
543,Ag,La2,Emission Line,2977.0
544,Ag,La1,Emission Line,2982.7
518,Pd,Lb1,Emission Line,2989.5
1598,Th,Ma,Emission Line,2989.6
1491,Rn,Mg,Emission Line,2997.0
456,Tc,Lg2,Emission Line,3000.7
502,Rh,"Lb2,15",Emission Line,3002.0
457,Tc,Lg3,Emission Line,3003.1
513,Pd,Lb4,Emission Line,3044.1
608,Sn,Ll,Emission Line,3044.3
1571,Ac,Mb,Emission Line,3051.0
1624,Pa,Ma,Emission Line,3071.0
514,Pd,Lb3,Emission Line,3071.7
523,Pd,Lb6,Emission Line,3085.9
1517,Fr,Mg,Emission Line,3086.0
583,In,Ln,Emission Line,3110.8
565,Cd,La2,Emission Line,3126.1
566,Cd,La1,Emission Line,3132.8
497,Rh,Lg1,Emission Line,3144.0
1597,Th,Mb,Emission Line,3148.6
540,Ag,Lb1,Emission Line,3150.0
1650,U,Ma,Emission Line,3163.8
524,Pd,"Lb2,15",Emission Line,3171.0
474,Ru,Lg2,Emission Line,3177.7
475,Ru,Lg3,Emission Line,3180.8
1543,Ra,Mg,Emission Line,3189.0
82,Ar,Kb3,Emission Line,3190.0
83,Ar,Kb1,Emission Line,3190.2
630,Sb,Ll,Emission Line,3192.0
535,Ag,Lb4,Emission Line,3202.2
88,K,Ka3,Emission Line,3229.8
536,Ag,Lb3,Emission Line,3233.0
1623,Pa,Mb,Emission Line,3240.0
1676,Np,Ma,Emission Line,3250.0
545,Ag,Lb6,Emission Line,3254.0
1569,Ac,Mg,Emission Line,3270.0
605,Sn,Ln,Emission Line,3271.3
587,In,La2,Emission Line,3278.6
588,In,La1,Emission Line,3286.1
89,K,Ka2,Emission Line,3311.1
90,K,Ka1,Emission Line,3313.8
562,Cd,Lb1,Emission Line,3315.1
519,Pd,Lg1,Emission Line,3328.0
654,Te,Ll,Emission Line,3335.0
1702,Pu,Ma,Emission Line,3339.0
1649,U,Mb,Emission Line,3339.8
546,Ag,"Lb2,15",Emission Line,3347.0
493,Rh,Lg2,Emission Line,3361.5
494,Rh,Lg3,Emission Line,3364.7
557,Cd,Lb4,Emission Line,3365.4
1595,Th,Mg,Emission Line,3370.8
558,Cd,Lb3,Emission Line,3399.6
567,Cd,Lb6,Emission Line,3428.2
1728,Am,Ma,Emission Line,3429.0
1675,Np,Mb,Emission Line,3435.0
609,Sn,La2,Emission Line,3435.8
627,Sb,Ln,Emission Line,3440.0
610,Sn,La1,Emission Line,3444.1
1621,Pa,Mg,Emission Line,3466.0
678,I,Ll,Emission Line,3485.0
584,In,Lb1,Emission Line,3486.6
541,Ag,Lg1,Emission Line,3520.0
1754,Cm,Ma,Emission Line,3525.0
568,Cd,"Lb2,15",Emission Line,3526.3
1701,Pu,Mb,Emission Line,3534.0
579,In,Lb4,Emission Line,3534.8
515,Pd,Lg2,Emission Line,3548.3
516,Pd,Lg3,Emission Line,3553.1
1647,U,Mg,Emission Line,3566.8
580,In,Lb3,Emission Line,3572.7
91,K,Kb3,Emission Line,3590.1
92,K,Kb1,Emission Line,3590.1
631,Sb,La2,Emission Line,3594.5
97,Ca,Ka3,Emission Line,3600.1
632,Sb,La1,Emission Line,3603.8
651,Te,Ln,Emission Line,3606.0
589,In,Lb6,Emission Line,3607.1
1780,Bk,Ma,Emission Line,3616.0
1727,Am,Mb,Emission Line,3635.0
702,Xe,Ll,Emission Line,3637.3
606,Sn,Lb1,Emission Line,3662.8
1673,Np,Mg,Emission Line,3664.0
98,Ca,Ka2,Emission Line,3688.8
99,Ca,Ka1,Emission Line,3692.3
601,Sn,Lb4,Emission Line,3708.5
1806,Cf,Ma,Emission Line,3709.0
590,In,"Lb2,15",Emission Line,3712.3
563,Cd,Lg1,Emission Line,3715.3
1753,Cm,Mb,Emission Line,3740.0
537,Ag,Lg2,Emission Line,3742.3
538,Ag,Lg3,Emission Line,3747.7
602,Sn,Lb3,Emission Line,3750.4
655,Te,La2,Emission Line,3757.6
1699,Pu,Mg,Emission Line,3765.0
656,Te,La1,Emission Line,3768.0
675,I,Ln,Emission Line,3780.0
611,Sn,Lb6,Emission Line,3791.9
726,Cs,Ll,Emission Line,3801.0
1779,Bk,Mb,Emission Line,3842.0
628,Sb,Lb1,Emission Line,3842.5
1725,Am,Mg,Emission Line,3869.0
623,Sb,Lb4,Emission Line,3885.3
612,Sn,"Lb2,15",Emission Line,3904.1
585,In,Lg1,Emission Line,3920.3
679,I,La2,Emission Line,3926.2
624,Sb,Lb3,Emission Line,3931.6
680,I,La1,Emission Line,3937.7
1805,Cf,Mb,Emission Line,3946.0
750,Ba,Ll,Emission Line,3954.0
560,Cd,Lg3,Emission Line,3954.1
559,Cd,Lg2,Emission Line,3954.1
699,Xe,Ln,Emission Line,3958.3
1751,Cm,Mg,Emission Line,3976.0
633,Sb,Lb6,Emission Line,3978.8
106,Sc,Ka3,Emission Line,3994.0
100,Ca,Kb3,Emission Line,4013.1
101,Ca,Kb1,Emission Line,4013.1
652,Te,Lb1,Emission Line,4028.6
647,Te,Lb4,Emission Line,4068.2
1777,Bk,Mg,Emission Line,4078.0
107,Sc,Ka2,Emission Line,4088.4
108,Sc,Ka1,Emission Line,4093.3
703,Xe,La2,Emission Line,4097.0
634,Sb,"Lb2,15",Emission Line,4098.7
704,Xe,La1,Emission Line,4109.6
648,Te,Lb3,Emission Line,4118.2
774,La,Ll,Emission Line,4121.0
607,Sn,Lg1,Emission Line,4131.1
723,Cs,Ln,Emission Line,4148.0
582,In,Lg3,Emission Line,4164.5
581,In,Lg2,Emission Line,4164.5
657,Te,Lb6,Emission Line,4171.6
1803,Cf,Mg,Emission Line,4186.0
676,I,Lb1,Emission Line,4221.2
671,I,Lb4,Emission Line,4257.0
727,Cs,La2,Emission Line,4271.5
728,Cs,La1,Emission Line,4285.4
798,Ce,Ll,Emission Line,4287.0
658,Te,"Lb2,15",Emission Line,4299.1
672,I,Lb3,Emission Line,4313.0
747,Ba,Ln,Emission Line,4331.0
629,Sb,Lg1,Emission Line,4346.7
681,I,Lb6,Emission Line,4371.0
604,Sn,Lg3,Emission Line,4381.4
603,Sn,Lg2,Emission Line,4381.4
115,Ti,Ka3,Emission Line,4405.1
700,Xe,Lb1,Emission Line,4418.0
695,Xe,Lb4,Emission Line,4450.9
751,Ba,La2,Emission Line,4451.3
822,Pr,Ll,Emission Line,4453.0
110,Sc,Kb1,Emission Line,4463.7
109,Sc,Kb3,Emission Line,4463.7
752,Ba,La1,Emission Line,4466.5
116,Ti,Ka2,Emission Line,4505.8
682,I,"Lb2,15",Emission Line,4506.4
117,Ti,Ka1,Emission Line,4512.2
696,Xe,Lb3,Emission Line,4512.4
771,La,Ln,Emission Line,4529.0
653,Te,Lg1,Emission Line,4570.1
705,Xe,Lb6,Emission Line,4572.8
625,Sb,Lg2,Emission Line,4602.4
626,Sb,Lg3,Emission Line,4602.4
724,Cs,Lb1,Emission Line,4618.5
775,La,La2,Emission Line,4630.0
846,Nd,Ll,Emission Line,4633.0
719,Cs,Lb4,Emission Line,4643.0
776,La,La1,Emission Line,4647.0
720,Cs,Lb3,Emission Line,4711.0
706,Xe,"Lb2,15",Emission Line,4716.5
795,Ce,Ln,Emission Line,4728.0
729,Cs,Lb6,Emission Line,4779.7
677,I,Lg1,Emission Line,4801.4
870,Pm,Ll,Emission Line,4809.0
799,Ce,La2,Emission Line,4820.6
748,Ba,Lb1,Emission Line,4828.3
649,Te,Lg2,Emission Line,4835.7
650,Te,Lg3,Emission Line,4835.7
128,V,Ka3,Emission Line,4838.3
800,Ce,La1,Emission Line,4839.2
743,Ba,Lb4,Emission Line,4852.0
744,Ba,Lb3,Emission Line,4926.0
819,Pr,Ln,Emission Line,4929.0
730,Cs,"Lb2,15",Emission Line,4932.2
118,Ti,Kb3,Emission Line,4933.4
119,Ti,Kb1,Emission Line,4933.4
129,V,Ka2,Emission Line,4945.2
130,V,Ka1,Emission Line,4952.9
120,Ti,Kb5,Emission Line,4964.0
894,Sm,Ll,Emission Line,4993.0
753,Ba,Lb6,Emission Line,4993.5
823,Pr,La2,Emission Line,5015.7
824,Pr,La1,Emission Line,5035.2
701,Xe,Lg1,Emission Line,5037.5
772,La,Lb1,Emission Line,5038.0
767,La,Lb4,Emission Line,5057.0
674,I,Lg3,Emission Line,5065.0
673,I,Lg2,Emission Line,5065.0
768,La,Lb3,Emission Line,5138.0
843,Nd,Ln,Emission Line,5147.0
754,Ba,"Lb2,15",Emission Line,5154.4
918,Eu,Ll,Emission Line,5177.0
847,Nd,La2,Emission Line,5204.7
777,La,Lb6,Emission Line,5208.3
848,Nd,La1,Emission Line,5227.6
796,Ce,Lb1,Emission Line,5261.6
791,Ce,Lb4,Emission Line,5274.0
725,Cs,Lg1,Emission Line,5279.2
141,Cr,Ka3,Emission Line,5293.0
697,Xe,Lg2,Emission Line,5306.3
698,Xe,Lg3,Emission Line,5307.5
792,Ce,Lb3,Emission Line,5361.0
942,Gd,Ll,Emission Line,5362.0
867,Pm,Ln,Emission Line,5363.0
778,La,"Lb2,15",Emission Line,5377.7
142,Cr,Ka2,Emission Line,5405.2
871,Pm,La2,Emission Line,5407.0
143,Cr,Ka1,Emission Line,5414.9
132,V,Kb1,Emission Line,5427.8
131,V,Kb3,Emission Line,5427.8
872,Pm,La1,Emission Line,5432.0
801,Ce,Lb6,Emission Line,5432.0
133,V,Kb5,Emission Line,5463.0
820,Pr,Lb1,Emission Line,5491.7
815,Pr,Lb4,Emission Line,5498.0
749,Ba,Lg1,Emission Line,5531.4
721,Cs,Lg2,Emission Line,5541.6
966,Tb,Ll,Emission Line,5546.0
722,Cs,Lg3,Emission Line,5552.7
891,Sm,Ln,Emission Line,5589.0
816,Pr,Lb3,Emission Line,5593.0
895,Sm,La2,Emission Line,5605.1
802,Ce,"Lb2,15",Emission Line,5614.0
896,Sm,La1,Emission Line,5632.6
825,Pr,Lb6,Emission Line,5659.5
844,Nd,Lb1,Emission Line,5718.7
839,Nd,Lb4,Emission Line,5723.0
990,Dy,Ll,Emission Line,5743.0
154,Mn,Ka3,Emission Line,5769.9
773,La,Lg1,Emission Line,5785.7
745,Ba,Lg2,Emission Line,5797.0
746,Ba,Lg3,Emission Line,5810.4
915,Eu,Ln,Emission Line,5817.0
919,Eu,La2,Emission Line,5818.4
840,Nd,Lb3,Emission Line,5829.0
826,Pr,"Lb2,15",Emission Line,5848.9
920,Eu,La1,Emission Line,5849.5
849,Nd,Lb6,Emission Line,5888.8
155,Mn,Ka2,Emission Line,5889.1
156,Mn,Ka1,Emission Line,5900.3
1014,Ho,Ll,Emission Line,5943.0
145,Cr,Kb1,Emission Line,5946.8
144,Cr,Kb3,Emission Line,5946.8
863,Pm,Lb4,Emission Line,5956.6
868,Pm,Lb1,Emission Line,5961.0
146,Cr,Kb5,Emission Line,5987.0
943,Gd,La2,Emission Line,6021.1
939,Gd,Ln,Emission Line,6049.0
944,Gd,La1,Emission Line,6053.4
797,Ce,Lg1,Emission Line,6055.0
769,La,Lg2,Emission Line,6060.2
770,La,Lg3,Emission Line,6070.0
864,Pm,Lb3,Emission Line,6071.0
850,Nd,"Lb2,15",Emission Line,6087.5
873,Pm,Lb6,Emission Line,6128.0
1038,Er,Ll,Emission Line,6152.0
887,Sm,Lb4,Emission Line,6196.0
892,Sm,Lb1,Emission Line,6201.1
967,Tb,La2,Emission Line,6237.1
167,Fe,Ka3,Emission Line,6267.4
968,Tb,La1,Emission Line,6272.9
963,Tb,Ln,Emission Line,6284.0
888,Sm,Lb3,Emission Line,6317.2
793,Ce,Lg2,Emission Line,6324.8
821,Pr,Lg1,Emission Line,6324.9
874,Pm,"Lb2,15",Emission Line,6339.0
1062,Tm,Ll,Emission Line,6341.0
794,Ce,Lg3,Emission Line,6341.5
897,Sm,Lb6,Emission Line,6368.8
168,Fe,Ka2,Emission Line,6392.1
169,Fe,Ka1,Emission Line,6405.2
911,Eu,Lb4,Emission Line,6438.0
991,Dy,La2,Emission Line,6457.0
916,Eu,Lb1,Emission Line,6458.4
158,Mn,Kb1,Emission Line,6491.8
157,Mn,Kb3,Emission Line,6491.8
992,Dy,La1,Emission Line,6498.0
987,Dy,Ln,Emission Line,6534.0
159,Mn,Kb5,Emission Line,6537.0
1086,Yb,Ll,Emission Line,6546.0
912,Eu,Lb3,Emission Line,6571.0
898,Sm,"Lb2,15",Emission Line,6587.0
817,Pr,Lg2,Emission Line,6598.7
845,Nd,Lg1,Emission Line,6601.5
921,Eu,Lb6,Emission Line,6617.0
818,Pr,Lg3,Emission Line,6617.4
1015,Ho,La2,Emission Line,6679.0
935,Gd,Lb4,Emission Line,6688.0
940,Gd,Lb1,Emission Line,6708.1
1016,Ho,La1,Emission Line,6720.0
1110,Lu,Ll,Emission Line,6753.0
180,Co,Ka3,Emission Line,6783.9
1011,Ho,Ln,Emission Line,6790.0
936,Gd,Lb3,Emission Line,6832.0
922,Eu,"Lb2,15",Emission Line,6844.0
945,Gd,Lb6,Emission Line,6864.4
841,Nd,Lg2,Emission Line,6882.7
869,Pm,Lg1,Emission Line,6893.0
842,Nd,Lg3,Emission Line,6901.4
1039,Er,La2,Emission Line,6905.0
181,Co,Ka2,Emission Line,6915.8
182,Co,Ka1,Emission Line,6930.9
959,Tb,Lb4,Emission Line,6940.0
1040,Er,La1,Emission Line,6949.0
1134,Hf,Ll,Emission Line,6960.0
964,Tb,Lb1,Emission Line,6975.1
1035,Er,Ln,Emission Line,7058.0
171,Fe,Kb1,Emission Line,7059.3
170,Fe,Kb3,Emission Line,7059.3
960,Tb,Lb3,Emission Line,7097.0
946,Gd,"Lb2,15",Emission Line,7100.4
172,Fe,Kb5,Emission Line,7110.0
969,Tb,Lb6,Emission Line,7118.0
1063,Tm,La2,Emission Line,7133.0
1158,Ta,Ll,Emission Line,7173.0
1064,Tm,La1,Emission Line,7180.0
893,Sm,Lg1,Emission Line,7183.0
865,Pm,Lg2,Emission Line,7186.0
866,Pm,Lg3,Emission Line,7186.0
983,Dy,Lb4,Emission Line,7204.0
988,Dy,Lb1,Emission Line,7248.0
1059,Tm,Ln,Emission Line,7310.0
193,Ni,Ka3,Emission Line,7324.4
970,Tb,"Lb2,15",Emission Line,7363.5
1087,Yb,La2,Emission Line,7368.0
984,Dy,Lb3,Emission Line,7370.0
993,Dy,Lb6,Emission Line,7375.8
1182,W,Ll,Emission Line,7387.0
1088,Yb,La1,Emission Line,7416.0
194,Ni,Ka2,Emission Line,7463.0
1007,Ho,Lb4,Emission Line,7471.0
889,Sm,Lg2,Emission Line,7471.4
195,Ni,Ka1,Emission Line,7480.3
917,Eu,Lg1,Emission Line,7484.0
890,Sm,Lg3,Emission Line,7489.6
1012,Ho,Lb1,Emission Line,7526.0
1083,Yb,Ln,Emission Line,7580.0
1206,Re,Ll,Emission Line,7603.0
1111,Lu,La2,Emission Line,7605.0
994,Dy,"Lb2,15",Emission Line,7636.4
1017,Ho,Lb6,Emission Line,7638.6
184,Co,Kb1,Emission Line,7649.1
183,Co,Kb3,Emission Line,7650.1
1008,Ho,Lb3,Emission Line,7653.0
1112,Lu,La1,Emission Line,7655.0
185,Co,Kb5,Emission Line,7706.0
1031,Er,Lb4,Emission Line,7745.0
913,Eu,Lg2,Emission Line,7768.0
941,Gd,Lg1,Emission Line,7787.4
914,Eu,Lg3,Emission Line,7795.0
1036,Er,Lb1,Emission Line,7811.0
1230,Os,Ll,Emission Line,7822.0
1135,Hf,La2,Emission Line,7845.0
1107,Lu,Ln,Emission Line,7858.0
206,Cu,Ka3,Emission Line,7882.3
1136,Hf,La1,Emission Line,7899.0
1041,Er,Lb6,Emission Line,7908.2
1018,Ho,"Lb2,15",Emission Line,7911.0
1032,Er,Lb3,Emission Line,7939.0
1055,Tm,Lb4,Emission Line,8026.0
207,Cu,Ka2,Emission Line,8026.7
1254,Ir,Ll,Emission Line,8041.0
208,Cu,Ka1,Emission Line,8046.3
1159,Ta,La2,Emission Line,8088.0
937,Gd,Lg2,Emission Line,8090.0
965,Tb,Lg1,Emission Line,8101.5
1060,Tm,Lb1,Emission Line,8102.0
938,Gd,Lg3,Emission Line,8105.0
1131,Hf,Ln,Emission Line,8138.0
1160,Ta,La1,Emission Line,8146.0
1065,Tm,Lb6,Emission Line,8177.1
1042,Er,"Lb2,15",Emission Line,8190.4
1056,Tm,Lb3,Emission Line,8231.0
196,Ni,Kb3,Emission Line,8265.0
197,Ni,Kb1,Emission Line,8266.8
1278,Pt,Ll,Emission Line,8268.0
1079,Yb,Lb4,Emission Line,8313.0
198,Ni,Kb5,Emission Line,8329.0
1183,W,La2,Emission Line,8335.0
961,Tb,Lg2,Emission Line,8385.6
1184,W,La1,Emission Line,8398.0
1084,Yb,Lb1,Emission Line,8402.0
962,Tb,Lg3,Emission Line,8423.9
989,Dy,Lg1,Emission Line,8427.4
1155,Ta,Ln,Emission Line,8428.0
219,Zn,Ka3,Emission Line,8462.8
1089,Yb,Lb6,Emission Line,8463.5
1066,Tm,"Lb2,15",Emission Line,8472.5
1303,Au,Ll,Emission Line,8494.0
1080,Yb,Lb3,Emission Line,8536.0
1207,Re,La2,Emission Line,8586.0
1103,Lu,Lb4,Emission Line,8606.0
220,Zn,Ka2,Emission Line,8614.1
221,Zn,Ka1,Emission Line,8637.2
1208,Re,La1,Emission Line,8652.0
1108,Lu,Lb1,Emission Line,8710.0
985,Dy,Lg2,Emission Line,8712.5
1329,Hg,Ll,Emission Line,8722.0
1179,W,Ln,Emission Line,8724.0
1113,Lu,Lb6,Emission Line,8737.2
1090,Yb,"Lb2,15",Emission Line,8752.8
986,Dy,Lg3,Emission Line,8752.8
1013,Ho,Lg1,Emission Line,8758.0
1231,Os,La2,Emission Line,8840.0
1104,Lu,Lb3,Emission Line,8846.0
209,Cu,Kb3,Emission Line,8901.7
210,Cu,Kb1,Emission Line,8903.9
1127,Hf,Lb4,Emission Line,8906.0
1232,Os,La1,Emission Line,8911.0
1355,Tl,Ll,Emission Line,8954.0
211,Cu,Kb5,Emission Line,8974.0
1137,Hf,Lb6,Emission Line,9023.0
1132,Hf,Lb1,Emission Line,9023.0
1203,Re,Ln,Emission Line,9027.0
1114,Lu,"Lb2,15",Emission Line,9037.9
1009,Ho,Lg2,Emission Line,9050.5
234,Ga,Ka3,Emission Line,9068.0
1010,Ho,Lg3,Emission Line,9085.8
1037,Er,Lg1,Emission Line,9096.4
1255,Ir,La2,Emission Line,9099.0
1128,Hf,Lb3,Emission Line,9164.0
1256,Ir,La1,Emission Line,9175.0
1381,Pb,Ll,Emission Line,9184.0
1151,Ta,Lb4,Emission Line,9213.0
235,Ga,Ka2,Emission Line,9223.8
236,Ga,Ka1,Emission Line,9250.6
1161,Ta,Lb6,Emission Line,9317.6
1227,Os,Ln,Emission Line,9336.0
1138,Hf,"Lb2,15",Emission Line,9341.0
1156,Ta,Lb1,Emission Line,9343.0
1279,Pt,La2,Emission Line,9362.0
1033,Er,Lg2,Emission Line,9384.8
1407,Bi,Ll,Emission Line,9420.0
1034,Er,Lg3,Emission Line,9430.8
1061,Tm,Lg1,Emission Line,9441.5
1280,Pt,La1,Emission Line,9442.0
1152,Ta,Lb3,Emission Line,9488.0
1175,W,Lb4,Emission Line,9525.0
222,Zn,Kb3,Emission Line,9567.6
223,Zn,Kb1,Emission Line,9570.4
1185,W,Lb6,Emission Line,9612.9
1304,Au,La2,Emission Line,9628.0
1162,Ta,"Lb2,15",Emission Line,9643.1
224,Zn,Kb5,Emission Line,9648.8
1251,Ir,Ln,Emission Line,9650.0
1433,Po,Ll,Emission Line,9665.0
1180,W,Lb1,Emission Line,9672.0
250,Ge,Ka3,Emission Line,9688.4
1305,Au,La1,Emission Line,9713.0
1057,Tm,Lg2,Emission Line,9730.1
1058,Tm,Lg3,Emission Line,9783.4
1085,Yb,Lg1,Emission Line,9786.8
1176,W,Lb3,Emission Line,9819.0
1199,Re,Lb4,Emission Line,9845.0
251,Ge,Ka2,Emission Line,9854.9
252,Ge,Ka1,Emission Line,9886.0
1459,At,Ll,Emission Line,9897.0
1330,Hg,La2,Emission Line,9899.0
1209,Re,Lb6,Emission Line,9909.6
1186,W,"Lb2,15",Emission Line,9951.1
1275,Pt,Ln,Emission Line,9977.0
1331,Hg,La1,Emission Line,9989.0
1204,Re,Lb1,Emission Line,10010.0
1081,Yb,Lg2,Emission Line,10097.3
1485,Rn,Ll,Emission Line,10137.0
1109,Lu,Lg1,Emission Line,10142.9
1082,Yb,Lg3,Emission Line,10146.3
1200,Re,Lb3,Emission Line,10160.0
1356,Tl,La2,Emission Line,10173.0
1223,Os,Lb4,Emission Line,10176.0
1233,Os,Lb6,Emission Line,10212.8
1210,Re,"Lb2,15",Emission Line,10261.1
237,Ga,Kb3,Emission Line,10263.5
238,Ga,Kb1,Emission Line,10267.0
1357,Tl,La1,Emission Line,10269.0
1299,Au,Ln,Emission Line,10309.0
267,As,Ka3,Emission Line,10340.0
239,Ga,Kb5,Emission Line,10348.3
1228,Os,Lb1,Emission Line,10354.0
1511,Fr,Ll,Emission Line,10379.0
1382,Pb,La2,Emission Line,10449.0
1105,Lu,Lg2,Emission Line,10457.6
268,As,Ka2,Emission Line,10507.9
1247,Ir,Lb4,Emission Line,10510.0
1106,Lu,Lg3,Emission Line,10510.8
1224,Os,Lb3,Emission Line,10511.0
1133,Hf,Lg1,Emission Line,10519.0
1257,Ir,Lb6,Emission Line,10523.9
269,As,Ka1,Emission Line,10543.4
1383,Pb,La1,Emission Line,10551.0
1234,Os,"Lb2,15",Emission Line,10577.9
1537,Ra,Ll,Emission Line,10622.0
1325,Hg,Ln,Emission Line,10647.0
1252,Ir,Lb1,Emission Line,10708.0
1408,Bi,La2,Emission Line,10731.0
1129,Hf,Lg2,Emission Line,10832.8
1281,Pt,Lb6,Emission Line,10838.6
1409,Bi,La1,Emission Line,10839.0
1271,Pt,Lb4,Emission Line,10853.0
1248,Ir,Lb3,Emission Line,10868.0
1563,Ac,Ll,Emission Line,10869.0
1130,Hf,Lg3,Emission Line,10890.3
1157,Ta,Lg1,Emission Line,10898.1
1258,Ir,"Lb2,15",Emission Line,10903.1
253,Ge,Kb3,Emission Line,10978.1
254,Ge,Kb1,Emission Line,10982.2
1351,Tl,Ln,Emission Line,10994.0
285,Se,Ka3,Emission Line,11006.0
1434,Po,La2,Emission Line,11016.0
1276,Pt,Lb1,Emission Line,11071.0
255,Ge,Kb5,Emission Line,11073.2
1589,Th,Ll,Emission Line,11118.0
1435,Po,La1,Emission Line,11131.0
1306,Au,Lb6,Emission Line,11156.9
286,Se,Ka2,Emission Line,11183.7
1295,Au,Lb4,Emission Line,11205.0
1153,Ta,Lg2,Emission Line,11218.6
287,Se,Ka1,Emission Line,11224.1
1282,Pt,"Lb2,15",Emission Line,11232.4
1272,Pt,Lb3,Emission Line,11235.0
1154,Ta,Lg3,Emission Line,11281.1
1181,W,Lg1,Emission Line,11288.1
1460,At,La2,Emission Line,11305.0
1377,Pb,Ln,Emission Line,11349.0
1615,Pa,Ll,Emission Line,11366.0
1461,At,La1,Emission Line,11427.0
1300,Au,Lb1,Emission Line,11443.0
1332,Hg,Lb6,Emission Line,11481.8
1321,Hg,Lb4,Emission Line,11560.0
1307,Au,"Lb2,15",Emission Line,11565.8
1486,Rn,La2,Emission Line,11597.0
1177,W,Lg2,Emission Line,11609.6
1296,Au,Lb3,Emission Line,11610.0
1641,U,Ll,Emission Line,11618.0
1178,W,Lg3,Emission Line,11676.4
1205,Re,Lg1,Emission Line,11685.1
303,Br,Ka3,Emission Line,11692.0
1403,Bi,Ln,Emission Line,11712.0
270,As,Kb3,Emission Line,11720.8
271,As,Kb1,Emission Line,11725.8
1487,Rn,La1,Emission Line,11727.0
1358,Tl,Lb6,Emission Line,11811.8
1326,Hg,Lb1,Emission Line,11824.0
272,As,Kb5,Emission Line,11825.3
273,As,Kb2,Emission Line,11864.0
1667,Np,Ll,Emission Line,11871.0
304,Br,Ka2,Emission Line,11878.0
1512,Fr,La2,Emission Line,11895.0
1333,Hg,"Lb2,15",Emission Line,11905.8
1308,Au,Lb5,Emission Line,11914.0
305,Br,Ka1,Emission Line,11924.0
1347,Tl,Lb4,Emission Line,11931.0
1322,Hg,Lb3,Emission Line,11992.0
1201,Re,Lg2,Emission Line,12008.3
1513,Fr,La1,Emission Line,12031.0
1202,Re,Lg3,Emission Line,12080.2
1229,Os,Lg1,Emission Line,12091.9
1429,Po,Ln,Emission Line,12095.0
1693,Pu,Ll,Emission Line,12124.0
1384,Pb,Lb6,Emission Line,12143.2
1538,Ra,La2,Emission Line,12196.0
1352,Tl,Lb1,Emission Line,12213.0
1359,Tl,"Lb2,15",Emission Line,12252.3
1334,Hg,Lb5,Emission Line,12274.4
1373,Pb,Lb4,Emission Line,12307.0
1539,Ra,La1,Emission Line,12339.0
1719,Am,Ll,Emission Line,12377.0
1348,Tl,Lb3,Emission Line,12390.0
321,Kr,Ka3,Emission Line,12405.0
1225,Os,Lg2,Emission Line,12418.9
1455,At,Ln,Emission Line,12468.0
1410,Bi,Lb6,Emission Line,12480.0
288,Se,Kb3,Emission Line,12491.5
289,Se,Kb1,Emission Line,12497.3
1226,Os,Lg3,Emission Line,12497.3
1564,Ac,La2,Emission Line,12501.0
1253,Ir,Lg1,Emission Line,12512.1
322,Kr,Ka2,Emission Line,12595.1
1385,Pb,"Lb2,15",Emission Line,12600.7
290,Se,Kb5,Emission Line,12602.5
1378,Pb,Lb1,Emission Line,12614.0
1745,Cm,Ll,Emission Line,12633.0
1360,Tl,Lb5,Emission Line,12643.3
323,Kr,Ka1,Emission Line,12647.6
1565,Ac,La1,Emission Line,12652.0
291,Se,Kb2,Emission Line,12655.0
1399,Bi,Lb4,Emission Line,12692.0
1374,Pb,Lb3,Emission Line,12795.0
1590,Th,La2,Emission Line,12809.0
1436,Po,Lb6,Emission Line,12819.0
1249,Ir,Lg2,Emission Line,12841.2
1481,Rn,Ln,Emission Line,12855.0
1771,Bk,Ll,Emission Line,12890.0
1250,Ir,Lg3,Emission Line,12923.2
1277,Pt,Lg1,Emission Line,12941.4
1411,Bi,"Lb2,15",Emission Line,12955.0
1591,Th,La1,Emission Line,12968.0
1386,Pb,Lb5,Emission Line,13014.3
1404,Bi,Lb1,Emission Line,13023.0
1425,Po,Lb4,Emission Line,13085.0
1616,Pa,La2,Emission Line,13122.0
339,Rb,Ka3,Emission Line,13135.0
1797,Cf,Ll,Emission Line,13146.0
1462,At,Lb6,Emission Line,13172.0
1400,Bi,Lb3,Emission Line,13211.0
1507,Fr,Ln,Emission Line,13255.0
1273,Pt,Lg2,Emission Line,13270.9
306,Br,Kb3,Emission Line,13285.0
1617,Pa,La1,Emission Line,13291.0
307,Br,Kb1,Emission Line,13292.0
1437,Po,"Lb2,15",Emission Line,13314.0
340,Rb,Ka2,Emission Line,13336.0
1274,Pt,Lg3,Emission Line,13360.6
1301,Au,Lg1,Emission Line,13380.8
1412,Bi,Lb5,Emission Line,13392.1
341,Rb,Ka1,Emission Line,13396.0
308,Br,Kb5,Emission Line,13404.0
1642,U,La2,Emission Line,13438.0
1430,Po,Lb1,Emission Line,13446.0
309,Br,Kb2,Emission Line,13471.0
1451,At,Lb4,Emission Line,13485.0
1488,Rn,Lb6,Emission Line,13522.0
1643,U,La1,Emission Line,13614.0
1426,Po,Lb3,Emission Line,13637.0
1533,Ra,Ln,Emission Line,13662.0
1463,At,"Lb2,15",Emission Line,13681.0
1297,Au,Lg2,Emission Line,13710.3
1302,Au,Lg6,Emission Line,13729.0
1668,Np,La2,Emission Line,13761.0
1438,Po,Lb5,Emission Line,13783.0
1298,Au,Lg3,Emission Line,13806.7
1327,Hg,Lg1,Emission Line,13830.8
1456,At,Lb1,Emission Line,13876.0
1514,Fr,Lb6,Emission Line,13878.0
357,Sr,Ka3,Emission Line,13889.0
1477,Rn,Lb4,Emission Line,13890.0
1669,Np,La1,Emission Line,13946.0
1489,Rn,"Lb2,15",Emission Line,14052.0
1452,At,Lb3,Emission Line,14067.0
1559,Ac,Ln,Emission Line,14081.0
1694,Pu,La2,Emission Line,14087.0
358,Sr,Ka2,Emission Line,14098.0
324,Kr,Kb3,Emission Line,14103.8
325,Kr,Kb1,Emission Line,14111.6
1323,Hg,Lg2,Emission Line,14158.8
359,Sr,Ka1,Emission Line,14165.0
1464,At,Lb5,Emission Line,14174.0
1328,Hg,Lg6,Emission Line,14199.4
326,Kr,Kb5,Emission Line,14231.0
1540,Ra,Lb6,Emission Line,14236.0
1324,Hg,Lg3,Emission Line,14262.4
1695,Pu,La1,Emission Line,14282.0
1353,Tl,Lg1,Emission Line,14292.3
327,Kr,Kb2,Emission Line,14311.9
1503,Fr,Lb4,Emission Line,14312.0
1482,Rn,Lb1,Emission Line,14315.0
1720,Am,La2,Emission Line,14414.0
1515,Fr,"Lb2,15",Emission Line,14428.0
1478,Rn,Lb3,Emission Line,14511.0
1585,Th,Ln,Emission Line,14511.0
1490,Rn,Lb5,Emission Line,14571.0
1566,Ac,Lb6,Emission Line,14602.0
1721,Am,La1,Emission Line,14620.0
1349,Tl,Lg2,Emission Line,14626.5
375,Y,Ka3,Emission Line,14665.0
1354,Tl,Lg6,Emission Line,14683.3
1350,Tl,Lg3,Emission Line,14737.5
1746,Cm,La2,Emission Line,14746.0
1529,Ra,Lb4,Emission Line,14747.0
1379,Pb,Lg1,Emission Line,14765.7
1508,Fr,Lb1,Emission Line,14771.0
1541,Ra,"Lb2,15",Emission Line,14808.0
376,Y,Ka2,Emission Line,14882.0
1611,Pa,Ln,Emission Line,14947.0
342,Rb,Kb3,Emission Line,14951.3
377,Y,Ka1,Emission Line,14958.0
343,Rb,Kb1,Emission Line,14960.9
1747,Cm,La1,Emission Line,14961.0
1592,Th,Lb6,Emission Line,14970.0
1516,Fr,Lb5,Emission Line,14973.0
1504,Fr,Lb3,Emission Line,14976.0
1772,Bk,La2,Emission Line,15082.0
344,Rb,Kb5,Emission Line,15087.0
1375,Pb,Lg2,Emission Line,15099.1
1380,Pb,Lg6,Emission Line,15179.3
345,Rb,Kb2,Emission Line,15183.7
1555,Ac,Lb4,Emission Line,15184.0
1567,Ac,"Lb2,15",Emission Line,15196.0
1376,Pb,Lg3,Emission Line,15217.5
1534,Ra,Lb1,Emission Line,15236.0
1405,Bi,Lg1,Emission Line,15247.0
1773,Bk,La1,Emission Line,15308.0
1618,Pa,Lb6,Emission Line,15346.0
1542,Ra,Lb5,Emission Line,15376.0
1637,U,Ln,Emission Line,15400.0
1798,Cf,La2,Emission Line,15423.0
1530,Ra,Lb3,Emission Line,15445.0
393,Zr,Ka3,Emission Line,15466.0
1401,Bi,Lg2,Emission Line,15582.8
1593,Th,"Lb2,15",Emission Line,15587.9
1581,Th,Lb4,Emission Line,15642.0
1799,Cf,La1,Emission Line,15660.0
1406,Bi,Lg6,Emission Line,15684.1
394,Zr,Ka2,Emission Line,15691.0
1402,Bi,Lg3,Emission Line,15709.2
1560,Ac,Lb1,Emission Line,15713.0
1644,U,Lb6,Emission Line,15727.0
1431,Po,Lg1,Emission Line,15744.0
395,Zr,Ka1,Emission Line,15775.0
1568,Ac,Lb5,Emission Line,15791.0
360,Sr,Kb3,Emission Line,15824.7
361,Sr,Kb1,Emission Line,15835.0
1663,Np,Ln,Emission Line,15861.0
1556,Ac,Lb3,Emission Line,15931.0
362,Sr,Kb5,Emission Line,15969.0
1619,Pa,"Lb2,15",Emission Line,15990.0
363,Sr,Kb2,Emission Line,16083.4
1427,Po,Lg2,Emission Line,16088.0
1607,Pa,Lb4,Emission Line,16104.0
1670,Np,Lb6,Emission Line,16109.0
1586,Th,Lb1,Emission Line,16202.0
1594,Th,Lb5,Emission Line,16207.5
1432,Po,Lg6,Emission Line,16213.0
1428,Po,Lg3,Emission Line,16234.0
1457,At,Lg1,Emission Line,16252.0
411,Nb,Ka3,Emission Line,16288.0
1689,Pu,Ln,Emission Line,16333.0
1645,U,"Lb2,15",Emission Line,16387.7
1582,Th,Lb3,Emission Line,16426.0
1696,Pu,Lb6,Emission Line,16498.0
412,Nb,Ka2,Emission Line,16521.0
1633,U,Lb4,Emission Line,16575.0
1453,At,Lg2,Emission Line,16607.0
413,Nb,Ka1,Emission Line,16615.0
1620,Pa,Lb5,Emission Line,16639.0
1612,Pa,Lb1,Emission Line,16703.0
378,Y,Kb3,Emission Line,16727.4
379,Y,Kb1,Emission Line,16739.2
1458,At,Lg6,Emission Line,16745.0
1454,At,Lg3,Emission Line,16753.0
1483,Rn,Lg1,Emission Line,16770.0
1671,Np,"Lb2,15",Emission Line,16794.0
1715,Am,Ln,Emission Line,16819.0
380,Y,Kb5,Emission Line,16880.3
1722,Am,Lb6,Emission Line,16890.0
1608,Pa,Lb3,Emission Line,16931.0
381,Y,Kb2,Emission Line,17013.6
1659,Np,Lb4,Emission Line,17061.0
1646,U,Lb5,Emission Line,17063.2
1479,Rn,Lg2,Emission Line,17120.0
429,Mo,Ka3,Emission Line,17134.0
1697,Pu,"Lb2,15",Emission Line,17211.0
1638,U,Lb1,Emission Line,17220.0
1480,Rn,Lg3,Emission Line,17281.0
1748,Cm,Lb6,Emission Line,17286.0
1484,Rn,Lg6,Emission Line,17289.0
1509,Fr,Lg1,Emission Line,17304.0
1741,Cm,Ln,Emission Line,17314.0
430,Mo,Ka2,Emission Line,17375.0
1634,U,Lb3,Emission Line,17454.0
431,Mo,Ka1,Emission Line,17480.0
1672,Np,Lb5,Emission Line,17501.0
1685,Pu,Lb4,Emission Line,17557.0
1723,Am,"Lb2,15",Emission Line,17630.0
396,Zr,Kb3,Emission Line,17654.5
1505,Fr,Lg2,Emission Line,17659.0
397,Zr,Kb1,Emission Line,17668.2
1774,Bk,Lb6,Emission Line,17687.0
1664,Np,Lb1,Emission Line,17751.0
398,Zr,Kb5,Emission Line,17816.9
1767,Bk,Ln,Emission Line,17826.0
1506,Fr,Lg3,Emission Line,17829.0
1535,Ra,Lg1,Emission Line,17848.0
1510,Fr,Lg6,Emission Line,17849.0
1698,Pu,Lb5,Emission Line,17944.0
399,Zr,Kb2,Emission Line,17969.5
1660,Np,Lb3,Emission Line,17992.0
447,Tc,Ka3,Emission Line,18001.0
1749,Cm,"Lb2,15",Emission Line,18054.0
1711,Am,Lb4,Emission Line,18069.0
1800,Cf,Lb6,Emission Line,18094.0
1531,Ra,Lg2,Emission Line,18179.0
448,Tc,Ka2,Emission Line,18251.0
1690,Pu,Lb1,Emission Line,18296.0
1793,Cf,Ln,Emission Line,18347.0
1532,Ra,Lg3,Emission Line,18358.0
449,Tc,Ka1,Emission Line,18367.0
1724,Am,Lb5,Emission Line,18394.0
1561,Ac,Lg1,Emission Line,18408.0
1536,Ra,Lg6,Emission Line,18416.0
1775,Bk,"Lb2,15",Emission Line,18480.0
1686,Pu,Lb3,Emission Line,18541.0
1737,Cm,Lb4,Emission Line,18589.0
414,Nb,Kb3,Emission Line,18609.9
415,Nb,Kb1,Emission Line,18625.4
1557,Ac,Lg2,Emission Line,18760.0
416,Nb,Kb5,Emission Line,18781.0
1750,Cm,Lb5,Emission Line,18846.0
1716,Am,Lb1,Emission Line,18856.0
465,Ru,Ka3,Emission Line,18893.0
1801,Cf,"Lb2,15",Emission Line,18916.0
1558,Ac,Lg3,Emission Line,18950.0
417,Nb,Kb2,Emission Line,18953.4
1587,Th,Lg1,Emission Line,18980.9
1562,Ac,Lg6,Emission Line,19003.0
1712,Am,Lb3,Emission Line,19110.0
1763,Bk,Lb4,Emission Line,19118.0
466,Ru,Ka2,Emission Line,19150.0
467,Ru,Ka1,Emission Line,19279.0
1583,Th,Lg2,Emission Line,19304.0
1776,Bk,Lb5,Emission Line,19305.0
1742,Cm,Lb1,Emission Line,19427.0
1584,Th,Lg3,Emission Line,19505.6
1613,Pa,Lg1,Emission Line,19571.0
432,Mo,Kb3,Emission Line,19588.4
1588,Th,Lg6,Emission Line,19600.5
433,Mo,Kb1,Emission Line,19606.0
1789,Cf,Lb4,Emission Line,19665.0
1738,Cm,Lb3,Emission Line,19688.0
434,Mo,Kb5,Emission Line,19768.9
1802,Cf,Lb5,Emission Line,19770.0
483,Rh,Ka3,Emission Line,19808.0
1609,Pa,Lg2,Emission Line,19881.0
435,Mo,Kb2,Emission Line,19962.4
1768,Bk,Lb1,Emission Line,20018.0
484,Rh,Ka2,Emission Line,20074.0
1610,Pa,Lg3,Emission Line,20098.0
1639,U,Lg1,Emission Line,20169.7
485,Rh,Ka1,Emission Line,20216.0
1614,Pa,Lg6,Emission Line,20220.0
1764,Bk,Lb3,Emission Line,20280.0
1635,U,Lg2,Emission Line,20486.0
450,Tc,Kb3,Emission Line,20596.4
1794,Cf,Lb1,Emission Line,20624.0
451,Tc,Kb1,Emission Line,20626.3
1636,U,Lg3,Emission Line,20714.0
505,Pd,Ka3,Emission Line,20746.0
1665,Np,Lg1,Emission Line,20784.0
452,Tc,Kb5,Emission Line,20786.4
1640,U,Lg6,Emission Line,20845.2
1790,Cf,Lb3,Emission Line,20894.0
453,Tc,Kb2,Emission Line,21001.7
506,Pd,Ka2,Emission Line,21020.0
1661,Np,Lg2,Emission Line,21099.0
507,Pd,Ka1,Emission Line,21177.0
1662,Np,Lg3,Emission Line,21342.0
1691,Pu,Lg1,Emission Line,21420.0
1666,Np,Lg6,Emission Line,21491.0
468,Ru,Kb3,Emission Line,21633.7
469,Ru,Kb1,Emission Line,21655.5
527,Ag,Ka3,Emission Line,21708.0
1687,Pu,Lg2,Emission Line,21724.0
470,Ru,Kb5,Emission Line,21832.8
1688,Pu,Lg3,Emission Line,21981.0
528,Ag,Ka2,Emission Line,21990.0
471,Ru,Kb2,Emission Line,22070.7
1717,Am,Lg1,Emission Line,22072.0
1692,Pu,Lg6,Emission Line,22153.0
529,Ag,Ka1,Emission Line,22163.0
1713,Am,Lg2,Emission Line,22370.0
1714,Am,Lg3,Emission Line,22643.0
549,Cd,Ka3,Emission Line,22693.0
486,Rh,Kb3,Emission Line,22698.7
487,Rh,Kb1,Emission Line,22723.5
1743,Cm,Lg1,Emission Line,22735.0
1718,Am,Lg6,Emission Line,22836.0
488,Rh,Kb5,Emission Line,22908.1
550,Cd,Ka2,Emission Line,22984.0
1739,Cm,Lg2,Emission Line,23028.0
489,Rh,Kb2,Emission Line,23169.5
551,Cd,Ka1,Emission Line,23173.0
490,Rh,Kb4,Emission Line,23218.0
1740,Cm,Lg3,Emission Line,23319.0
1769,Bk,Lg1,Emission Line,23416.0
1744,Cm,Lg6,Emission Line,23527.0
1765,Bk,Lg2,Emission Line,23698.0
571,In,Ka3,Emission Line,23702.0
508,Pd,Kb3,Emission Line,23790.1
509,Pd,Kb1,Emission Line,23817.7
572,In,Ka2,Emission Line,24002.0
1766,Bk,Lg3,Emission Line,24007.0
510,Pd,Kb5,Emission Line,24009.5
1795,Cf,Lg1,Emission Line,24117.0
573,In,Ka1,Emission Line,24210.0
1770,Bk,Lg6,Emission Line,24241.0
511,Pd,Kb2,Emission Line,24294.3
512,Pd,Kb4,Emission Line,24348.0
1791,Cf,Lg2,Emission Line,24390.0
1792,Cf,Lg3,Emission Line,24718.0
593,Sn,Ka3,Emission Line,24735.0
530,Ag,Kb3,Emission Line,24910.2
531,Ag,Kb1,Emission Line,24941.0
1796,Cf,Lg6,Emission Line,24971.0
594,Sn,Ka2,Emission Line,25044.0
532,Ag,Kb5,Emission Line,25140.0
595,Sn,Ka1,Emission Line,25271.0
533,Ag,Kb2,Emission Line,25450.3
534,Ag,Kb4,Emission Line,25510.0
615,Sb,Ka3,Emission Line,25793.0
552,Cd,Kb3,Emission Line,26058.4
553,Cd,Kb1,Emission Line,26092.6
616,Sb,Ka2,Emission Line,26111.0
554,Cd,Kb5,Emission Line,26299.1
617,Sb,Ka1,Emission Line,26359.0
555,Cd,Kb2,Emission Line,26647.1
556,Cd,Kb4,Emission Line,26699.3
639,Te,Ka3,Emission Line,26875.0
640,Te,Ka2,Emission Line,27202.0
574,In,Kb3,Emission Line,27236.8
575,In,Kb1,Emission Line,27274.7
641,Te,Ka1,Emission Line,27473.0
576,In,Kb5,Emission Line,27488.6
577,In,Kb2,Emission Line,27866.5
578,In,Kb4,Emission Line,27922.3
663,I,Ka3,Emission Line,27981.0
664,I,Ka2,Emission Line,28317.0
596,Sn,Kb3,Emission Line,28443.5
597,Sn,Kb1,Emission Line,28485.4
665,I,Ka1,Emission Line,28612.0
598,Sn,Kb5,Emission Line,28706.8
687,Xe,Ka3,Emission Line,29108.0
599,Sn,Kb2,Emission Line,29116.4
600,Sn,Kb4,Emission Line,29175.1
688,Xe,Ka2,Emission Line,29454.0
618,Sb,Kb3,Emission Line,29678.3
619,Sb,Kb1,Emission Line,29724.6
689,Xe,Ka1,Emission Line,29775.0
620,Sb,Kb5,Emission Line,29953.5
711,Cs,Ka3,Emission Line,30271.0
621,Sb,Kb2,Emission Line,30395.4
622,Sb,Kb4,Emission Line,30457.7
712,Cs,Ka2,Emission Line,30626.0
642,Te,Kb3,Emission Line,30943.2
713,Cs,Ka1,Emission Line,30973.0
643,Te,Kb1,Emission Line,30993.2
644,Te,Kb5,Emission Line,31230.6
735,Ba,Ka3,Emission Line,31452.0
645,Te,Kb2,Emission Line,31710.7
646,Te,Kb4,Emission Line,31772.1
736,Ba,Ka2,Emission Line,31817.0
737,Ba,Ka1,Emission Line,32194.0
666,I,Kb3,Emission Line,32238.0
667,I,Kb1,Emission Line,32294.0
668,I,Kb5,Emission Line,32538.2
759,La,Ka3,Emission Line,32659.0
760,La,Ka2,Emission Line,33034.0
669,I,Kb2,Emission Line,33046.0
670,I,Kb4,Emission Line,33118.4
761,La,Ka1,Emission Line,33442.0
690,Xe,Kb3,Emission Line,33558.9
691,Xe,Kb1,Emission Line,33620.4
692,Xe,Kb5,Emission Line,33872.0
783,Ce,Ka3,Emission Line,33895.0
784,Ce,Ka2,Emission Line,34279.0
693,Xe,Kb2,Emission Line,34414.3
694,Xe,Kb4,Emission Line,34491.5
785,Ce,Ka1,Emission Line,34720.0
714,Cs,Kb3,Emission Line,34914.0
715,Cs,Kb1,Emission Line,34982.0
807,Pr,Ka3,Emission Line,35156.0
716,Cs,Kb5,Emission Line,35244.5
808,Pr,Ka2,Emission Line,35551.0
717,Cs,Kb2,Emission Line,35812.6
718,Cs,Kb4,Emission Line,35905.2
809,Pr,Ka1,Emission Line,36027.0
738,Ba,Kb3,Emission Line,36304.0
739,Ba,Kb1,Emission Line,36378.0
831,Nd,Ka3,Emission Line,36443.0
740,Ba,Kb5,Emission Line,36645.3
832,Nd,Ka2,Emission Line,36847.0
741,Ba,Kb2,Emission Line,37249.0
742,Ba,Kb4,Emission Line,37348.4
833,Nd,Ka1,Emission Line,37361.0
762,La,Kb3,Emission Line,37716.0
855,Pm,Ka3,Emission Line,37756.0
763,La,Kb1,Emission Line,37797.0
764,La,Kb5,Emission Line,38072.0
856,Pm,Ka2,Emission Line,38171.0
765,La,Kb2,Emission Line,38719.2
857,Pm,Ka1,Emission Line,38725.0
766,La,Kb4,Emission Line,38819.7
879,Sm,Ka3,Emission Line,39097.0
786,Ce,Kb3,Emission Line,39169.0
787,Ce,Kb1,Emission Line,39256.0
880,Sm,Ka2,Emission Line,39522.0
788,Ce,Kb5,Emission Line,39540.6
881,Sm,Ka1,Emission Line,40118.0
789,Ce,Kb2,Emission Line,40219.8
790,Ce,Kb4,Emission Line,40334.0
903,Eu,Ka3,Emission Line,40467.0
810,Pr,Kb3,Emission Line,40654.0
811,Pr,Kb1,Emission Line,40749.0
904,Eu,Ka2,Emission Line,40902.0
812,Pr,Kb5,Emission Line,41042.7
905,Eu,Ka1,Emission Line,41542.0
813,Pr,Kb2,Emission Line,41754.7
927,Gd,Ka3,Emission Line,41863.0
814,Pr,Kb4,Emission Line,41875.9
834,Nd,Kb3,Emission Line,42166.0
835,Nd,Kb1,Emission Line,42272.0
928,Gd,Ka2,Emission Line,42309.0
836,Nd,Kb5,Emission Line,42565.7
929,Gd,Ka1,Emission Line,42996.0
951,Tb,Ka3,Emission Line,43288.0
837,Nd,Kb2,Emission Line,43325.7
838,Nd,Kb4,Emission Line,43448.5
858,Pm,Kb3,Emission Line,43712.6
952,Tb,Ka2,Emission Line,43744.0
859,Pm,Kb1,Emission Line,43827.0
860,Pm,Kb5,Emission Line,44132.0
953,Tb,Ka1,Emission Line,44482.0
975,Dy,Ka3,Emission Line,44743.0
861,Pm,Kb2,Emission Line,44942.0
862,Pm,Kb4,Emission Line,45064.0
976,Dy,Ka2,Emission Line,45208.0
882,Sm,Kb3,Emission Line,45293.0
883,Sm,Kb1,Emission Line,45414.2
884,Sm,Kb5,Emission Line,45723.1
977,Dy,Ka1,Emission Line,45999.0
999,Ho,Ka3,Emission Line,46224.0
885,Sm,Kb2,Emission Line,46568.4
1000,Ho,Ka2,Emission Line,46700.0
886,Sm,Kb4,Emission Line,46705.0
906,Eu,Kb3,Emission Line,46905.0
907,Eu,Kb1,Emission Line,47038.0
908,Eu,Kb5,Emission Line,47360.4
1001,Ho,Ka1,Emission Line,47547.0
1023,Er,Ka3,Emission Line,47735.0
1024,Er,Ka2,Emission Line,48222.0
909,Eu,Kb2,Emission Line,48235.0
910,Eu,Kb4,Emission Line,48386.0
930,Gd,Kb3,Emission Line,48551.0
931,Gd,Kb1,Emission Line,48695.0
932,Gd,Kb5,Emission Line,49017.1
1025,Er,Ka1,Emission Line,49128.0
1047,Tm,Ka3,Emission Line,49274.0
1048,Tm,Ka2,Emission Line,49773.0
933,Gd,Kb2,Emission Line,49953.0
934,Gd,Kb4,Emission Line,50096.4
954,Tb,Kb3,Emission Line,50228.0
955,Tb,Kb1,Emission Line,50385.0
956,Tb,Kb5,Emission Line,50719.1
1049,Tm,Ka1,Emission Line,50742.0
1071,Yb,Ka3,Emission Line,50846.0
1072,Yb,Ka2,Emission Line,51354.0
957,Tb,Kb2,Emission Line,51673.6
958,Tb,Kb4,Emission Line,51845.5
978,Dy,Kb3,Emission Line,51947.0
979,Dy,Kb1,Emission Line,52113.0
1073,Yb,Ka1,Emission Line,52388.0
1095,Lu,Ka3,Emission Line,52444.0
980,Dy,Kb5,Emission Line,52456.0
1096,Lu,Ka2,Emission Line,52965.0
981,Dy,Kb2,Emission Line,53455.5
982,Dy,Kb4,Emission Line,53635.4
1002,Ho,Kb3,Emission Line,53695.0
1003,Ho,Kb1,Emission Line,53877.0
1097,Lu,Ka1,Emission Line,54070.0
1119,Hf,Ka3,Emission Line,54080.0
1004,Ho,Kb5,Emission Line,54226.0
1120,Hf,Ka2,Emission Line,54612.0
1005,Ho,Kb2,Emission Line,55274.5
1006,Ho,Kb4,Emission Line,55458.0
1026,Er,Kb3,Emission Line,55480.0
1027,Er,Kb1,Emission Line,55674.0
1143,Ta,Ka3,Emission Line,55734.0
1121,Hf,Ka1,Emission Line,55790.0
1028,Er,Kb5,Emission Line,56033.0
1144,Ta,Ka2,Emission Line,56280.0
1029,Er,Kb2,Emission Line,57119.8
1050,Tm,Kb3,Emission Line,57300.0
1030,Er,Kb4,Emission Line,57318.4
1167,W,Ka3,Emission Line,57425.0
1051,Tm,Kb1,Emission Line,57505.0
1145,Ta,Ka1,Emission Line,57535.0
1052,Tm,Kb5,Emission Line,57875.0
1168,W,Ka2,Emission Line,57981.0
1053,Tm,Kb2,Emission Line,59004.1
1191,Re,Ka3,Emission Line,59149.0
1074,Yb,Kb3,Emission Line,59159.0
1054,Tm,Kb4,Emission Line,59214.5
1169,W,Ka1,Emission Line,59318.0
1075,Yb,Kb1,Emission Line,59382.0
1192,Re,Ka2,Emission Line,59717.0
1076,Yb,Kb5,Emission Line,59756.0
1215,Os,Ka3,Emission Line,60903.0
1077,Yb,Kb2,Emission Line,60943.3
1098,Lu,Kb3,Emission Line,61050.0
1078,Yb,Kb4,Emission Line,61140.8
1193,Re,Ka1,Emission Line,61141.0
1099,Lu,Kb1,Emission Line,61290.0
1216,Os,Ka2,Emission Line,61486.0
1100,Lu,Kb5,Emission Line,61675.0
1239,Ir,Ka3,Emission Line,62692.0
1101,Lu,Kb2,Emission Line,62901.6
1122,Hf,Kb3,Emission Line,62986.0
1217,Os,Ka1,Emission Line,63000.0
1102,Lu,Kb4,Emission Line,63107.9
1123,Hf,Kb1,Emission Line,63244.0
1240,Ir,Ka2,Emission Line,63287.0
1124,Hf,Kb5,Emission Line,63635.0
1263,Pt,Ka3,Emission Line,64515.0
1241,Ir,Ka1,Emission Line,64896.0
1125,Hf,Kb2,Emission Line,64912.8
1146,Ta,Kb3,Emission Line,64947.0
1264,Pt,Ka2,Emission Line,65122.0
1126,Hf,Kb4,Emission Line,65131.0
1147,Ta,Kb1,Emission Line,65222.0
1148,Ta,Kb5,Emission Line,65623.0
1287,Au,Ka3,Emission Line,66372.0
1265,Pt,Ka1,Emission Line,66831.0
1170,W,Kb3,Emission Line,66950.0
1149,Ta,Kb2,Emission Line,66952.6
1288,Au,Ka2,Emission Line,66991.0
1150,Ta,Kb4,Emission Line,67178.1
1171,W,Kb1,Emission Line,67244.0
1172,W,Kb5,Emission Line,67653.0
1313,Hg,Ka3,Emission Line,68263.0
1289,Au,Ka1,Emission Line,68806.0
1314,Hg,Ka2,Emission Line,68893.0
1194,Re,Kb3,Emission Line,68994.0
1173,W,Kb2,Emission Line,69034.6
1174,W,Kb4,Emission Line,69269.1
1195,Re,Kb1,Emission Line,69309.0
1196,Re,Kb5,Emission Line,69727.0
1339,Tl,Ka3,Emission Line,70183.0
1315,Hg,Ka1,Emission Line,70818.0
1340,Tl,Ka2,Emission Line,70832.0
1218,Os,Kb3,Emission Line,71079.0
1197,Re,Kb2,Emission Line,71157.3
1198,Re,Kb4,Emission Line,71402.1
1219,Os,Kb1,Emission Line,71414.0
1220,Os,Kb5,Emission Line,71840.0
1365,Pb,Ka3,Emission Line,72144.0
1366,Pb,Ka2,Emission Line,72805.0
1341,Tl,Ka1,Emission Line,72872.0
1242,Ir,Kb3,Emission Line,73202.0
1221,Os,Kb2,Emission Line,73321.9
1243,Ir,Kb1,Emission Line,73560.0
1222,Os,Kb4,Emission Line,73577.9
1244,Ir,Kb5,Emission Line,73995.0
1391,Bi,Ka3,Emission Line,74138.0
1392,Bi,Ka2,Emission Line,74815.0
1367,Pb,Ka1,Emission Line,74970.0
1266,Pt,Kb3,Emission Line,75368.0
1245,Ir,Kb2,Emission Line,75533.2
1267,Pt,Kb1,Emission Line,75750.0
1246,Ir,Kb4,Emission Line,75799.1
1417,Po,Ka3,Emission Line,76166.0
1268,Pt,Kb5,Emission Line,76193.0
1418,Po,Ka2,Emission Line,76861.0
1393,Bi,Ka1,Emission Line,77107.0
1290,Au,Kb3,Emission Line,77577.0
1269,Pt,Kb2,Emission Line,77785.9
1291,Au,Kb1,Emission Line,77982.0
1270,Pt,Kb4,Emission Line,78063.4
1443,At,Ka3,Emission Line,78237.0
1292,Au,Kb5,Emission Line,78434.0
1444,At,Ka2,Emission Line,78945.0
1419,Po,Ka1,Emission Line,79291.0
1316,Hg,Kb3,Emission Line,79823.0
1293,Au,Kb2,Emission Line,80082.3
1317,Hg,Kb1,Emission Line,80255.0
1469,Rn,Ka3,Emission Line,80355.0
1294,Au,Kb4,Emission Line,80371.8
1318,Hg,Kb5,Emission Line,80717.0
1470,Rn,Ka2,Emission Line,81067.0
1445,At,Ka1,Emission Line,81516.0
1342,Tl,Kb3,Emission Line,82114.0
1319,Hg,Kb2,Emission Line,82421.8
1495,Fr,Ka3,Emission Line,82498.0
1343,Tl,Kb1,Emission Line,82573.0
1320,Hg,Kb4,Emission Line,82723.8
1344,Tl,Kb5,Emission Line,83045.0
1496,Fr,Ka2,Emission Line,83230.0
1471,Rn,Ka1,Emission Line,83785.0
1368,Pb,Kb3,Emission Line,84451.0
1521,Ra,Ka3,Emission Line,84685.0
1345,Tl,Kb2,Emission Line,84809.5
1369,Pb,Kb1,Emission Line,84939.0
1346,Tl,Kb4,Emission Line,85124.3
1370,Pb,Kb5,Emission Line,85419.0
1522,Ra,Ka2,Emission Line,85438.0
1497,Fr,Ka1,Emission Line,86106.0
1394,Bi,Kb3,Emission Line,86830.0
1547,Ac,Ka3,Emission Line,86915.0
1371,Pb,Kb2,Emission Line,87243.1
1395,Bi,Kb1,Emission Line,87349.0
1372,Pb,Kb4,Emission Line,87570.7
1548,Ac,Ka2,Emission Line,87672.0
1396,Bi,Kb5,Emission Line,87838.0
1523,Ra,Ka1,Emission Line,88478.0
1573,Th,Ka3,Emission Line,89179.0
1420,Po,Kb3,Emission Line,89251.0
1397,Bi,Kb2,Emission Line,89720.8
1421,Po,Kb1,Emission Line,89803.0
1574,Th,Ka2,Emission Line,89958.0
1398,Bi,Kb4,Emission Line,90062.0
1422,Po,Kb5,Emission Line,90307.0
1549,Ac,Ka1,Emission Line,90884.0
1599,Pa,Ka3,Emission Line,91496.0
1446,At,Kb3,Emission Line,91722.0
1423,Po,Kb2,Emission Line,92254.0
1600,Pa,Ka2,Emission Line,92287.0
1447,At,Kb1,Emission Line,92304.0
1424,Po,Kb4,Emission Line,92605.0
1448,At,Kb5,Emission Line,92821.0
1575,Th,Ka1,Emission Line,93351.0
1625,U,Ka3,Emission Line,93849.0
1472,Rn,Kb3,Emission Line,94245.0
1626,U,Ka2,Emission Line,94658.0
1449,At,Kb2,Emission Line,94844.0
1473,Rn,Kb1,Emission Line,94866.0
1450,At,Kb4,Emission Line,95197.0
1474,Rn,Kb5,Emission Line,95382.0
1601,Pa,Ka1,Emission Line,95868.0
1651,Np,Ka3,Emission Line,96242.0
1498,Fr,Kb3,Emission Line,96810.0
1652,Np,Ka2,Emission Line,97069.0
1499,Fr,Kb1,Emission Line,97474.0
1475,Rn,Kb2,Emission Line,97475.0
1476,Rn,Kb4,Emission Line,97837.0
1500,Fr,Kb5,Emission Line,98001.0
1627,U,Ka1,Emission Line,98440.0
1677,Pu,Ka3,Emission Line,98687.0
1524,Ra,Kb3,Emission Line,99432.0
1678,Pu,Ka2,Emission Line,99525.0
1525,Ra,Kb1,Emission Line,100130.0
1501,Fr,Kb2,Emission Line,100157.0
1502,Fr,Kb4,Emission Line,100534.0
1526,Ra,Kb5,Emission Line,100674.0
1653,Np,Ka1,Emission Line,101059.0
1703,Am,Ka3,Emission Line,101174.0
1704,Am,Ka2,Emission Line,102030.0
1550,Ac,Kb3,Emission Line,102099.0
1551,Ac,Kb1,Emission Line,102846.0
1527,Ra,Kb2,Emission Line,102864.0
1528,Ra,Kb4,Emission Line,103286.0
1552,Ac,Kb5,Emission Line,103385.0
1729,Cm,Ka3,Emission Line,103715.0
1679,Pu,Ka1,Emission Line,103734.0
1730,Cm,Ka2,Emission Line,104590.0
1576,Th,Kb3,Emission Line,104821.0
1577,Th,Kb1,Emission Line,105605.0
1553,Ac,Kb2,Emission Line,105675.0
1554,Ac,Kb4,Emission Line,106080.0
1578,Th,Kb5,Emission Line,106160.0
1755,Bk,Ka3,Emission Line,106300.0
1705,Am,Ka1,Emission Line,106472.0
1756,Bk,Ka2,Emission Line,107185.0
1602,Pa,Kb3,Emission Line,107600.0
1603,Pa,Kb1,Emission Line,108427.0
1579,Th,Kb2,Emission Line,108483.0
1781,Cf,Ka3,Emission Line,108929.0
1580,Th,Kb4,Emission Line,108939.0
1604,Pa,Kb5,Emission Line,108990.0
1731,Cm,Ka1,Emission Line,109271.0
1782,Cf,Ka2,Emission Line,109831.0
1628,U,Kb3,Emission Line,110424.0
1629,U,Kb1,Emission Line,111303.0
1605,Pa,Kb2,Emission Line,111377.0
1606,Pa,Kb4,Emission Line,111858.0
1630,U,Kb5,Emission Line,111878.0
1757,Bk,Ka1,Emission Line,112121.0
1654,Np,Kb3,Emission Line,113303.0
1655,Np,Kb1,Emission Line,114234.0
1631,U,Kb2,Emission Line,114335.0
1656,Np,Kb5,Emission Line,114820.0
1632,U,Kb4,Emission Line,114828.0
1783,Cf,Ka1,Emission Line,115032.0
1680,Pu,Kb3,Emission Line,116244.0
1681,Pu,Kb1,Emission Line,117228.0
1657,Np,Kb2,Emission Line,117341.0
1682,Pu,Kb5,Emission Line,117821.0
1658,Np,Kb4,Emission Line,117853.0
1706,Am,Kb3,Emission Line,119243.0
1707,Am,Kb1,Emission Line,120284.0
1683,Pu,Kb2,Emission Line,120411.0
1708,Am,Kb5,Emission Line,120886.0
1684,Pu,Kb4,Emission Line,120945.0
1732,Cm,Kb3,Emission Line,122304.0
1733,Cm,Kb1,Emission Line,123403.0
1709,Am,Kb2,Emission Line,123544.0
1734,Cm,Kb5,Emission Line,124017.0
1710,Am,Kb4,Emission Line,124102.0
1758,Bk,Kb3,Emission Line,125418.0
1759,Bk,Kb1,Emission Line,126580.0
1735,Cm,Kb2,Emission Line,126743.0
1760,Bk,Kb5,Emission Line,127203.0
1736,Cm,Kb4,Emission Line,127325.0
1784,Cf,Kb3,Emission Line,128594.0
1785,Cf,Kb1,Emission Line,129823.0
1761,Bk,Kb2,Emission Line,129998.0
1786,Cf,Kb5,Emission Line,130455.0
1762,Bk,Kb4,Emission Line,130601.0
1787,Cf,Kb2,Emission Line,133319.0
1788,Cf,Kb4,Emission Line,133948.0
